Reading 1,Reading 2,Reading 3,Reading 4,Reading 5,Reading 6,Reading 7,Reading 8,Reading 9,Reading 10,Label,Baseline
322,339,300,318,302,315,109,116,211,322,lean_forward,"30.589473684210525,35.88421052631579,54.56842105263158,34.95789473684211,67.14736842105263,31.96842105263158,103.73684210526316,93.05263157894737,124.85263157894737,30.63157894736842"
322,339,300,318,301,314,109,116,211,322,lean_forward,"30.589473684210525,35.88421052631579,54.56842105263158,34.95789473684211,67.14736842105263,31.96842105263158,103.73684210526316,93.05263157894737,124.85263157894737,30.63157894736842"
322,339,300,318,302,315,109,116,209,322,lean_forward,"30.589473684210525,35.88421052631579,54.56842105263158,34.95789473684211,67.14736842105263,31.96842105263158,103.73684210526316,93.05263157894737,124.85263157894737,30.63157894736842"
319,337,298,316,300,313,108,116,208,320,lean_forward,"30.589473684210525,35.88421052631579,54.56842105263158,34.95789473684211,67.14736842105263,31.96842105263158,103.73684210526316,93.05263157894737,124.85263157894737,30.63157894736842"
320,337,298,316,300,313,108,116,207,320,lean_forward,"30.589473684210525,35.88421052631579,54.56842105263158,34.95789473684211,67.14736842105263,31.96842105263158,103.73684210526316,93.05263157894737,124.85263157894737,30.63157894736842"
320,338,299,317,300,313,108,116,206,320,lean_forward,"30.589473684210525,35.88421052631579,54.56842105263158,34.95789473684211,67.14736842105263,31.96842105263158,103.73684210526316,93.05263157894737,124.85263157894737,30.63157894736842"
320,337,299,316,300,313,108,116,207,320,lean_forward,"30.589473684210525,35.88421052631579,54.56842105263158,34.95789473684211,67.14736842105263,31.96842105263158,103.73684210526316,93.05263157894737,124.85263157894737,30.63157894736842"
320,338,299,317,300,314,108,116,209,321,lean_forward,"30.589473684210525,35.88421052631579,54.56842105263158,34.95789473684211,67.14736842105263,31.96842105263158,103.73684210526316,93.05263157894737,124.85263157894737,30.63157894736842"
320,338,299,317,300,314,108,116,210,320,lean_forward,"30.589473684210525,35.88421052631579,54.56842105263158,34.95789473684211,67.14736842105263,31.96842105263158,103.73684210526316,93.05263157894737,124.85263157894737,30.63157894736842"
320,338,299,317,301,314,108,116,210,320,lean_forward,"30.589473684210525,35.88421052631579,54.56842105263158,34.95789473684211,67.14736842105263,31.96842105263158,103.73684210526316,93.05263157894737,124.85263157894737,30.63157894736842"
321,338,299,317,301,314,108,116,210,321,lean_forward,"30.589473684210525,35.88421052631579,54.56842105263158,34.95789473684211,67.14736842105263,31.96842105263158,103.73684210526316,93.05263157894737,124.85263157894737,30.63157894736842"
321,338,299,317,301,314,108,116,209,321,lean_forward,"30.589473684210525,35.88421052631579,54.56842105263158,34.95789473684211,67.14736842105263,31.96842105263158,103.73684210526316,93.05263157894737,124.85263157894737,30.63157894736842"
321,338,299,317,301,314,108,116,208,321,lean_forward,"30.589473684210525,35.88421052631579,54.56842105263158,34.95789473684211,67.14736842105263,31.96842105263158,103.73684210526316,93.05263157894737,124.85263157894737,30.63157894736842"
321,338,299,317,301,314,108,116,209,321,lean_forward,"30.589473684210525,35.88421052631579,54.56842105263158,34.95789473684211,67.14736842105263,31.96842105263158,103.73684210526316,93.05263157894737,124.85263157894737,30.63157894736842"
321,338,299,317,301,314,109,116,208,321,lean_forward,"30.589473684210525,35.88421052631579,54.56842105263158,34.95789473684211,67.14736842105263,31.96842105263158,103.73684210526316,93.05263157894737,124.85263157894737,30.63157894736842"
321,338,299,317,301,314,109,116,208,321,lean_forward,"30.589473684210525,35.88421052631579,54.56842105263158,34.95789473684211,67.14736842105263,31.96842105263158,103.73684210526316,93.05263157894737,124.85263157894737,30.63157894736842"
321,338,299,317,301,314,109,116,209,321,lean_forward,"30.589473684210525,35.88421052631579,54.56842105263158,34.95789473684211,67.14736842105263,31.96842105263158,103.73684210526316,93.05263157894737,124.85263157894737,30.63157894736842"
321,339,300,318,302,315,109,116,210,321,lean_forward,"30.589473684210525,35.88421052631579,54.56842105263158,34.95789473684211,67.14736842105263,31.96842105263158,103.73684210526316,93.05263157894737,124.85263157894737,30.63157894736842"
322,340,301,319,302,316,109,116,210,322,lean_forward,"30.589473684210525,35.88421052631579,54.56842105263158,34.95789473684211,67.14736842105263,31.96842105263158,103.73684210526316,93.05263157894737,124.85263157894737,30.63157894736842"
322,339,301,319,302,316,108,116,210,322,lean_forward,"30.589473684210525,35.88421052631579,54.56842105263158,34.95789473684211,67.14736842105263,31.96842105263158,103.73684210526316,93.05263157894737,124.85263157894737,30.63157894736842"
322,338,300,318,302,315,110,115,210,322,lean_forward,"30.589473684210525,35.88421052631579,54.56842105263158,34.95789473684211,67.14736842105263,31.96842105263158,103.73684210526316,93.05263157894737,124.85263157894737,30.63157894736842"
322,338,300,318,302,315,108,116,210,322,lean_forward,"30.589473684210525,35.88421052631579,54.56842105263158,34.95789473684211,67.14736842105263,31.96842105263158,103.73684210526316,93.05263157894737,124.85263157894737,30.63157894736842"
322,338,300,318,302,315,108,115,210,322,lean_forward,"30.589473684210525,35.88421052631579,54.56842105263158,34.95789473684211,67.14736842105263,31.96842105263158,103.73684210526316,93.05263157894737,124.85263157894737,30.63157894736842"
322,338,301,318,302,314,108,115,209,322,lean_forward,"30.589473684210525,35.88421052631579,54.56842105263158,34.95789473684211,67.14736842105263,31.96842105263158,103.73684210526316,93.05263157894737,124.85263157894737,30.63157894736842"
322,338,301,319,302,314,108,115,210,322,lean_forward,"30.589473684210525,35.88421052631579,54.56842105263158,34.95789473684211,67.14736842105263,31.96842105263158,103.73684210526316,93.05263157894737,124.85263157894737,30.63157894736842"
322,338,301,319,302,314,108,115,210,322,lean_forward,"30.589473684210525,35.88421052631579,54.56842105263158,34.95789473684211,67.14736842105263,31.96842105263158,103.73684210526316,93.05263157894737,124.85263157894737,30.63157894736842"
322,338,301,319,303,315,108,116,210,322,lean_forward,"30.589473684210525,35.88421052631579,54.56842105263158,34.95789473684211,67.14736842105263,31.96842105263158,103.73684210526316,93.05263157894737,124.85263157894737,30.63157894736842"
322,338,301,319,303,314,108,116,210,322,lean_forward,"30.589473684210525,35.88421052631579,54.56842105263158,34.95789473684211,67.14736842105263,31.96842105263158,103.73684210526316,93.05263157894737,124.85263157894737,30.63157894736842"
322,337,301,319,302,314,108,115,210,322,lean_forward,"30.589473684210525,35.88421052631579,54.56842105263158,34.95789473684211,67.14736842105263,31.96842105263158,103.73684210526316,93.05263157894737,124.85263157894737,30.63157894736842"
323,337,302,319,303,315,108,115,210,322,lean_forward,"30.589473684210525,35.88421052631579,54.56842105263158,34.95789473684211,67.14736842105263,31.96842105263158,103.73684210526316,93.05263157894737,124.85263157894737,30.63157894736842"
323,337,302,319,303,315,108,116,211,323,lean_forward,"30.589473684210525,35.88421052631579,54.56842105263158,34.95789473684211,67.14736842105263,31.96842105263158,103.73684210526316,93.05263157894737,124.85263157894737,30.63157894736842"
322,337,301,319,302,314,107,116,211,322,lean_forward,"30.589473684210525,35.88421052631579,54.56842105263158,34.95789473684211,67.14736842105263,31.96842105263158,103.73684210526316,93.05263157894737,124.85263157894737,30.63157894736842"
322,336,301,319,303,314,107,116,212,322,lean_forward,"30.589473684210525,35.88421052631579,54.56842105263158,34.95789473684211,67.14736842105263,31.96842105263158,103.73684210526316,93.05263157894737,124.85263157894737,30.63157894736842"
323,337,301,319,303,314,107,116,212,323,lean_forward,"30.589473684210525,35.88421052631579,54.56842105263158,34.95789473684211,67.14736842105263,31.96842105263158,103.73684210526316,93.05263157894737,124.85263157894737,30.63157894736842"
323,337,302,319,303,315,104,116,212,323,lean_forward,"30.589473684210525,35.88421052631579,54.56842105263158,34.95789473684211,67.14736842105263,31.96842105263158,103.73684210526316,93.05263157894737,124.85263157894737,30.63157894736842"
322,337,301,319,303,314,106,116,212,323,lean_forward,"30.589473684210525,35.88421052631579,54.56842105263158,34.95789473684211,67.14736842105263,31.96842105263158,103.73684210526316,93.05263157894737,124.85263157894737,30.63157894736842"
323,338,302,319,303,314,107,116,212,323,lean_forward,"30.589473684210525,35.88421052631579,54.56842105263158,34.95789473684211,67.14736842105263,31.96842105263158,103.73684210526316,93.05263157894737,124.85263157894737,30.63157894736842"
322,337,302,319,303,315,107,116,212,323,lean_forward,"30.589473684210525,35.88421052631579,54.56842105263158,34.95789473684211,67.14736842105263,31.96842105263158,103.73684210526316,93.05263157894737,124.85263157894737,30.63157894736842"
322,337,302,319,303,315,106,116,212,323,lean_forward,"30.589473684210525,35.88421052631579,54.56842105263158,34.95789473684211,67.14736842105263,31.96842105263158,103.73684210526316,93.05263157894737,124.85263157894737,30.63157894736842"
322,336,301,319,303,315,105,116,212,322,lean_forward,"30.589473684210525,35.88421052631579,54.56842105263158,34.95789473684211,67.14736842105263,31.96842105263158,103.73684210526316,93.05263157894737,124.85263157894737,30.63157894736842"
322,336,301,319,303,314,105,116,211,322,lean_forward,"30.589473684210525,35.88421052631579,54.56842105263158,34.95789473684211,67.14736842105263,31.96842105263158,103.73684210526316,93.05263157894737,124.85263157894737,30.63157894736842"
323,338,302,319,303,315,105,116,212,323,lean_forward,"30.589473684210525,35.88421052631579,54.56842105263158,34.95789473684211,67.14736842105263,31.96842105263158,103.73684210526316,93.05263157894737,124.85263157894737,30.63157894736842"
323,338,302,319,303,316,107,116,212,323,lean_forward,"30.589473684210525,35.88421052631579,54.56842105263158,34.95789473684211,67.14736842105263,31.96842105263158,103.73684210526316,93.05263157894737,124.85263157894737,30.63157894736842"
323,338,302,320,303,316,107,117,212,323,lean_forward,"30.589473684210525,35.88421052631579,54.56842105263158,34.95789473684211,67.14736842105263,31.96842105263158,103.73684210526316,93.05263157894737,124.85263157894737,30.63157894736842"
323,338,302,319,303,316,109,117,212,323,lean_forward,"30.589473684210525,35.88421052631579,54.56842105263158,34.95789473684211,67.14736842105263,31.96842105263158,103.73684210526316,93.05263157894737,124.85263157894737,30.63157894736842"
322,337,301,319,302,316,108,117,212,322,lean_forward,"30.589473684210525,35.88421052631579,54.56842105263158,34.95789473684211,67.14736842105263,31.96842105263158,103.73684210526316,93.05263157894737,124.85263157894737,30.63157894736842"
322,336,301,319,302,316,107,116,212,322,lean_forward,"30.589473684210525,35.88421052631579,54.56842105263158,34.95789473684211,67.14736842105263,31.96842105263158,103.73684210526316,93.05263157894737,124.85263157894737,30.63157894736842"
323,337,302,320,303,317,109,117,212,323,lean_forward,"30.589473684210525,35.88421052631579,54.56842105263158,34.95789473684211,67.14736842105263,31.96842105263158,103.73684210526316,93.05263157894737,124.85263157894737,30.63157894736842"
323,336,302,320,304,317,110,117,212,323,lean_forward,"30.589473684210525,35.88421052631579,54.56842105263158,34.95789473684211,67.14736842105263,31.96842105263158,103.73684210526316,93.05263157894737,124.85263157894737,30.63157894736842"
323,336,302,320,304,317,110,117,213,323,lean_forward,"30.589473684210525,35.88421052631579,54.56842105263158,34.95789473684211,67.14736842105263,31.96842105263158,103.73684210526316,93.05263157894737,124.85263157894737,30.63157894736842"
324,337,303,320,304,317,110,117,213,324,lean_forward,"30.589473684210525,35.88421052631579,54.56842105263158,34.95789473684211,67.14736842105263,31.96842105263158,103.73684210526316,93.05263157894737,124.85263157894737,30.63157894736842"
324,335,303,320,303,315,110,118,213,324,lean_forward,"30.589473684210525,35.88421052631579,54.56842105263158,34.95789473684211,67.14736842105263,31.96842105263158,103.73684210526316,93.05263157894737,124.85263157894737,30.63157894736842"
323,336,303,320,304,316,111,117,213,323,lean_forward,"30.589473684210525,35.88421052631579,54.56842105263158,34.95789473684211,67.14736842105263,31.96842105263158,103.73684210526316,93.05263157894737,124.85263157894737,30.63157894736842"
323,337,304,320,304,317,111,118,212,323,lean_forward,"30.589473684210525,35.88421052631579,54.56842105263158,34.95789473684211,67.14736842105263,31.96842105263158,103.73684210526316,93.05263157894737,124.85263157894737,30.63157894736842"
325,337,305,322,306,318,111,118,213,325,lean_forward,"30.589473684210525,35.88421052631579,54.56842105263158,34.95789473684211,67.14736842105263,31.96842105263158,103.73684210526316,93.05263157894737,124.85263157894737,30.63157894736842"
324,336,305,322,306,317,110,117,212,324,lean_forward,"30.589473684210525,35.88421052631579,54.56842105263158,34.95789473684211,67.14736842105263,31.96842105263158,103.73684210526316,93.05263157894737,124.85263157894737,30.63157894736842"
323,335,304,322,305,317,109,116,212,324,lean_forward,"30.589473684210525,35.88421052631579,54.56842105263158,34.95789473684211,67.14736842105263,31.96842105263158,103.73684210526316,93.05263157894737,124.85263157894737,30.63157894736842"
324,338,305,322,306,319,109,116,211,324,lean_forward,"30.589473684210525,35.88421052631579,54.56842105263158,34.95789473684211,67.14736842105263,31.96842105263158,103.73684210526316,93.05263157894737,124.85263157894737,30.63157894736842"
323,336,303,321,304,317,109,116,211,323,lean_forward,"30.589473684210525,35.88421052631579,54.56842105263158,34.95789473684211,67.14736842105263,31.96842105263158,103.73684210526316,93.05263157894737,124.85263157894737,30.63157894736842"
323,337,303,321,305,316,108,116,211,323,lean_forward,"30.589473684210525,35.88421052631579,54.56842105263158,34.95789473684211,67.14736842105263,31.96842105263158,103.73684210526316,93.05263157894737,124.85263157894737,30.63157894736842"
325,335,304,322,305,315,110,117,213,324,lean_forward,"30.589473684210525,35.88421052631579,54.56842105263158,34.95789473684211,67.14736842105263,31.96842105263158,103.73684210526316,93.05263157894737,124.85263157894737,30.63157894736842"
328,333,308,326,309,314,113,120,218,328,lean_forward,"30.589473684210525,35.88421052631579,54.56842105263158,34.95789473684211,67.14736842105263,31.96842105263158,103.73684210526316,93.05263157894737,124.85263157894737,30.63157894736842"
333,347,314,331,312,316,123,130,229,334,lean_forward,"30.589473684210525,35.88421052631579,54.56842105263158,34.95789473684211,67.14736842105263,31.96842105263158,103.73684210526316,93.05263157894737,124.85263157894737,30.63157894736842"
334,349,315,331,312,312,123,131,233,334,lean_forward,"30.589473684210525,35.88421052631579,54.56842105263158,34.95789473684211,67.14736842105263,31.96842105263158,103.73684210526316,93.05263157894737,124.85263157894737,30.63157894736842"
335,350,315,330,309,313,127,131,238,335,lean_forward,"30.589473684210525,35.88421052631579,54.56842105263158,34.95789473684211,67.14736842105263,31.96842105263158,103.73684210526316,93.05263157894737,124.85263157894737,30.63157894736842"
335,349,314,329,309,314,127,131,241,335,lean_forward,"30.589473684210525,35.88421052631579,54.56842105263158,34.95789473684211,67.14736842105263,31.96842105263158,103.73684210526316,93.05263157894737,124.85263157894737,30.63157894736842"
336,351,315,332,311,316,128,132,242,337,lean_forward,"30.589473684210525,35.88421052631579,54.56842105263158,34.95789473684211,67.14736842105263,31.96842105263158,103.73684210526316,93.05263157894737,124.85263157894737,30.63157894736842"
333,348,314,329,308,315,127,132,245,333,lean_forward,"30.589473684210525,35.88421052631579,54.56842105263158,34.95789473684211,67.14736842105263,31.96842105263158,103.73684210526316,93.05263157894737,124.85263157894737,30.63157894736842"
329,344,312,326,309,311,136,139,259,330,lean_forward,"30.589473684210525,35.88421052631579,54.56842105263158,34.95789473684211,67.14736842105263,31.96842105263158,103.73684210526316,93.05263157894737,124.85263157894737,30.63157894736842"
340,352,323,337,317,323,148,151,271,339,lean_forward,"30.589473684210525,35.88421052631579,54.56842105263158,34.95789473684211,67.14736842105263,31.96842105263158,103.73684210526316,93.05263157894737,124.85263157894737,30.63157894736842"
335,351,319,332,311,318,144,147,273,335,lean_forward,"30.589473684210525,35.88421052631579,54.56842105263158,34.95789473684211,67.14736842105263,31.96842105263158,103.73684210526316,93.05263157894737,124.85263157894737,30.63157894736842"
334,351,316,332,309,317,141,144,269,334,lean_forward,"30.589473684210525,35.88421052631579,54.56842105263158,34.95789473684211,67.14736842105263,31.96842105263158,103.73684210526316,93.05263157894737,124.85263157894737,30.63157894736842"
332,345,313,329,306,315,140,142,265,332,lean_forward,"30.589473684210525,35.88421052631579,54.56842105263158,34.95789473684211,67.14736842105263,31.96842105263158,103.73684210526316,93.05263157894737,124.85263157894737,30.63157894736842"
335,348,317,332,309,319,140,143,264,335,lean_forward,"30.589473684210525,35.88421052631579,54.56842105263158,34.95789473684211,67.14736842105263,31.96842105263158,103.73684210526316,93.05263157894737,124.85263157894737,30.63157894736842"
336,349,317,334,309,320,141,143,262,336,lean_forward,"30.589473684210525,35.88421052631579,54.56842105263158,34.95789473684211,67.14736842105263,31.96842105263158,103.73684210526316,93.05263157894737,124.85263157894737,30.63157894736842"
336,345,317,335,309,320,141,144,261,336,lean_forward,"30.589473684210525,35.88421052631579,54.56842105263158,34.95789473684211,67.14736842105263,31.96842105263158,103.73684210526316,93.05263157894737,124.85263157894737,30.63157894736842"
334,349,316,334,308,319,140,142,258,334,lean_forward,"30.589473684210525,35.88421052631579,54.56842105263158,34.95789473684211,67.14736842105263,31.96842105263158,103.73684210526316,93.05263157894737,124.85263157894737,30.63157894736842"
324,339,305,325,298,310,131,133,249,324,lean_forward,"30.589473684210525,35.88421052631579,54.56842105263158,34.95789473684211,67.14736842105263,31.96842105263158,103.73684210526316,93.05263157894737,124.85263157894737,30.63157894736842"
325,339,306,326,297,307,131,133,248,323,lean_forward,"30.589473684210525,35.88421052631579,54.56842105263158,34.95789473684211,67.14736842105263,31.96842105263158,103.73684210526316,93.05263157894737,124.85263157894737,30.63157894736842"
328,340,309,330,302,312,131,134,248,328,lean_forward,"30.589473684210525,35.88421052631579,54.56842105263158,34.95789473684211,67.14736842105263,31.96842105263158,103.73684210526316,93.05263157894737,124.85263157894737,30.63157894736842"
325,329,305,327,299,308,128,131,246,325,lean_forward,"30.589473684210525,35.88421052631579,54.56842105263158,34.95789473684211,67.14736842105263,31.96842105263158,103.73684210526316,93.05263157894737,124.85263157894737,30.63157894736842"
324,330,304,325,297,306,128,130,244,322,lean_forward,"30.589473684210525,35.88421052631579,54.56842105263158,34.95789473684211,67.14736842105263,31.96842105263158,103.73684210526316,93.05263157894737,124.85263157894737,30.63157894736842"
321,326,302,322,295,304,126,129,243,321,lean_forward,"30.589473684210525,35.88421052631579,54.56842105263158,34.95789473684211,67.14736842105263,31.96842105263158,103.73684210526316,93.05263157894737,124.85263157894737,30.63157894736842"
319,321,300,319,293,300,125,128,241,319,lean_forward,"30.589473684210525,35.88421052631579,54.56842105263158,34.95789473684211,67.14736842105263,31.96842105263158,103.73684210526316,93.05263157894737,124.85263157894737,30.63157894736842"
317,319,299,320,292,301,124,127,241,319,lean_forward,"30.589473684210525,35.88421052631579,54.56842105263158,34.95789473684211,67.14736842105263,31.96842105263158,103.73684210526316,93.05263157894737,124.85263157894737,30.63157894736842"
318,319,300,320,292,300,124,127,242,319,lean_forward,"30.589473684210525,35.88421052631579,54.56842105263158,34.95789473684211,67.14736842105263,31.96842105263158,103.73684210526316,93.05263157894737,124.85263157894737,30.63157894736842"
321,318,301,321,292,299,124,127,242,320,lean_forward,"30.589473684210525,35.88421052631579,54.56842105263158,34.95789473684211,67.14736842105263,31.96842105263158,103.73684210526316,93.05263157894737,124.85263157894737,30.63157894736842"
323,324,304,323,292,298,125,129,244,321,lean_forward,"30.589473684210525,35.88421052631579,54.56842105263158,34.95789473684211,67.14736842105263,31.96842105263158,103.73684210526316,93.05263157894737,124.85263157894737,30.63157894736842"
326,330,307,327,297,303,129,132,251,326,lean_forward,"30.589473684210525,35.88421052631579,54.56842105263158,34.95789473684211,67.14736842105263,31.96842105263158,103.73684210526316,93.05263157894737,124.85263157894737,30.63157894736842"
323,326,306,325,297,301,132,136,253,323,lean_forward,"30.589473684210525,35.88421052631579,54.56842105263158,34.95789473684211,67.14736842105263,31.96842105263158,103.73684210526316,93.05263157894737,124.85263157894737,30.63157894736842"
329,334,313,332,304,306,135,139,255,328,lean_forward,"30.589473684210525,35.88421052631579,54.56842105263158,34.95789473684211,67.14736842105263,31.96842105263158,103.73684210526316,93.05263157894737,124.85263157894737,30.63157894736842"
328,332,312,330,302,305,135,139,255,328,lean_forward,"30.589473684210525,35.88421052631579,54.56842105263158,34.95789473684211,67.14736842105263,31.96842105263158,103.73684210526316,93.05263157894737,124.85263157894737,30.63157894736842"
327,328,311,329,302,303,133,138,253,327,lean_forward,"30.589473684210525,35.88421052631579,54.56842105263158,34.95789473684211,67.14736842105263,31.96842105263158,103.73684210526316,93.05263157894737,124.85263157894737,30.63157894736842"
324,320,308,326,299,300,129,135,251,324,lean_forward,"30.589473684210525,35.88421052631579,54.56842105263158,34.95789473684211,67.14736842105263,31.96842105263158,103.73684210526316,93.05263157894737,124.85263157894737,30.63157894736842"
327,320,310,329,300,301,128,135,249,325,lean_forward,"30.589473684210525,35.88421052631579,54.56842105263158,34.95789473684211,67.14736842105263,31.96842105263158,103.73684210526316,93.05263157894737,124.85263157894737,30.63157894736842"
327,330,307,326,296,296,124,134,248,323,lean_forward,"30.589473684210525,35.88421052631579,54.56842105263158,34.95789473684211,67.14736842105263,31.96842105263158,103.73684210526316,93.05263157894737,124.85263157894737,30.63157894736842"
329,334,313,332,302,304,128,135,249,329,lean_forward,"30.589473684210525,35.88421052631579,54.56842105263158,34.95789473684211,67.14736842105263,31.96842105263158,103.73684210526316,93.05263157894737,124.85263157894737,30.63157894736842"
328,329,312,331,303,305,129,135,249,328,lean_forward,"30.589473684210525,35.88421052631579,54.56842105263158,34.95789473684211,67.14736842105263,31.96842105263158,103.73684210526316,93.05263157894737,124.85263157894737,30.63157894736842"
328,331,312,330,303,305,130,135,250,328,lean_forward,"30.589473684210525,35.88421052631579,54.56842105263158,34.95789473684211,67.14736842105263,31.96842105263158,103.73684210526316,93.05263157894737,124.85263157894737,30.63157894736842"
326,332,311,328,303,304,128,134,249,326,lean_forward,"30.589473684210525,35.88421052631579,54.56842105263158,34.95789473684211,67.14736842105263,31.96842105263158,103.73684210526316,93.05263157894737,124.85263157894737,30.63157894736842"
327,327,311,329,303,305,131,136,253,327,lean_forward,"30.589473684210525,35.88421052631579,54.56842105263158,34.95789473684211,67.14736842105263,31.96842105263158,103.73684210526316,93.05263157894737,124.85263157894737,30.63157894736842"
327,322,312,329,303,306,133,139,257,328,lean_forward,"30.589473684210525,35.88421052631579,54.56842105263158,34.95789473684211,67.14736842105263,31.96842105263158,103.73684210526316,93.05263157894737,124.85263157894737,30.63157894736842"
333,329,316,334,308,309,137,142,262,332,lean_forward,"30.589473684210525,35.88421052631579,54.56842105263158,34.95789473684211,67.14736842105263,31.96842105263158,103.73684210526316,93.05263157894737,124.85263157894737,30.63157894736842"
330,330,315,332,306,308,137,142,262,330,lean_forward,"30.589473684210525,35.88421052631579,54.56842105263158,34.95789473684211,67.14736842105263,31.96842105263158,103.73684210526316,93.05263157894737,124.85263157894737,30.63157894736842"
334,333,318,336,309,311,138,143,262,334,lean_forward,"30.589473684210525,35.88421052631579,54.56842105263158,34.95789473684211,67.14736842105263,31.96842105263158,103.73684210526316,93.05263157894737,124.85263157894737,30.63157894736842"
335,336,319,337,311,313,138,144,262,335,lean_forward,"30.589473684210525,35.88421052631579,54.56842105263158,34.95789473684211,67.14736842105263,31.96842105263158,103.73684210526316,93.05263157894737,124.85263157894737,30.63157894736842"
336,336,320,337,312,314,139,144,262,336,lean_forward,"30.589473684210525,35.88421052631579,54.56842105263158,34.95789473684211,67.14736842105263,31.96842105263158,103.73684210526316,93.05263157894737,124.85263157894737,30.63157894736842"
336,330,319,337,311,314,138,143,261,336,lean_forward,"30.589473684210525,35.88421052631579,54.56842105263158,34.95789473684211,67.14736842105263,31.96842105263158,103.73684210526316,93.05263157894737,124.85263157894737,30.63157894736842"
335,333,319,337,311,313,137,142,260,336,lean_forward,"30.589473684210525,35.88421052631579,54.56842105263158,34.95789473684211,67.14736842105263,31.96842105263158,103.73684210526316,93.05263157894737,124.85263157894737,30.63157894736842"
336,336,320,338,312,314,138,142,260,336,lean_forward,"30.589473684210525,35.88421052631579,54.56842105263158,34.95789473684211,67.14736842105263,31.96842105263158,103.73684210526316,93.05263157894737,124.85263157894737,30.63157894736842"
337,336,321,338,313,315,138,143,261,337,lean_forward,"30.589473684210525,35.88421052631579,54.56842105263158,34.95789473684211,67.14736842105263,31.96842105263158,103.73684210526316,93.05263157894737,124.85263157894737,30.63157894736842"
336,336,321,338,312,315,138,143,261,336,lean_forward,"30.589473684210525,35.88421052631579,54.56842105263158,34.95789473684211,67.14736842105263,31.96842105263158,103.73684210526316,93.05263157894737,124.85263157894737,30.63157894736842"
337,336,321,338,313,316,138,143,261,337,lean_forward,"30.589473684210525,35.88421052631579,54.56842105263158,34.95789473684211,67.14736842105263,31.96842105263158,103.73684210526316,93.05263157894737,124.85263157894737,30.63157894736842"
336,332,320,337,312,315,138,143,261,336,lean_forward,"30.589473684210525,35.88421052631579,54.56842105263158,34.95789473684211,67.14736842105263,31.96842105263158,103.73684210526316,93.05263157894737,124.85263157894737,30.63157894736842"
336,335,320,337,312,315,139,143,260,336,lean_forward,"30.589473684210525,35.88421052631579,54.56842105263158,34.95789473684211,67.14736842105263,31.96842105263158,103.73684210526316,93.05263157894737,124.85263157894737,30.63157894736842"
336,335,321,337,312,315,139,143,261,336,lean_forward,"30.589473684210525,35.88421052631579,54.56842105263158,34.95789473684211,67.14736842105263,31.96842105263158,103.73684210526316,93.05263157894737,124.85263157894737,30.63157894736842"
335,334,320,336,311,315,138,143,260,335,lean_forward,"30.589473684210525,35.88421052631579,54.56842105263158,34.95789473684211,67.14736842105263,31.96842105263158,103.73684210526316,93.05263157894737,124.85263157894737,30.63157894736842"
336,335,321,338,312,315,139,143,260,336,lean_forward,"30.589473684210525,35.88421052631579,54.56842105263158,34.95789473684211,67.14736842105263,31.96842105263158,103.73684210526316,93.05263157894737,124.85263157894737,30.63157894736842"
337,334,321,338,313,316,139,143,233,337,lean_forward,"30.589473684210525,35.88421052631579,54.56842105263158,34.95789473684211,67.14736842105263,31.96842105263158,103.73684210526316,93.05263157894737,124.85263157894737,30.63157894736842"
336,333,320,337,312,315,139,143,231,336,lean_forward,"30.589473684210525,35.88421052631579,54.56842105263158,34.95789473684211,67.14736842105263,31.96842105263158,103.73684210526316,93.05263157894737,124.85263157894737,30.63157894736842"
336,334,321,338,312,315,139,143,230,336,lean_forward,"30.589473684210525,35.88421052631579,54.56842105263158,34.95789473684211,67.14736842105263,31.96842105263158,103.73684210526316,93.05263157894737,124.85263157894737,30.63157894736842"
338,335,322,339,313,316,139,144,229,338,lean_forward,"30.589473684210525,35.88421052631579,54.56842105263158,34.95789473684211,67.14736842105263,31.96842105263158,103.73684210526316,93.05263157894737,124.85263157894737,30.63157894736842"
337,335,322,339,313,316,139,144,228,337,lean_forward,"30.589473684210525,35.88421052631579,54.56842105263158,34.95789473684211,67.14736842105263,31.96842105263158,103.73684210526316,93.05263157894737,124.85263157894737,30.63157894736842"
338,335,322,339,314,317,140,144,228,339,lean_forward,"30.589473684210525,35.88421052631579,54.56842105263158,34.95789473684211,67.14736842105263,31.96842105263158,103.73684210526316,93.05263157894737,124.85263157894737,30.63157894736842"
338,335,322,339,314,317,140,144,227,338,lean_forward,"30.589473684210525,35.88421052631579,54.56842105263158,34.95789473684211,67.14736842105263,31.96842105263158,103.73684210526316,93.05263157894737,124.85263157894737,30.63157894736842"
338,335,322,339,314,317,140,144,227,338,lean_forward,"30.589473684210525,35.88421052631579,54.56842105263158,34.95789473684211,67.14736842105263,31.96842105263158,103.73684210526316,93.05263157894737,124.85263157894737,30.63157894736842"
331,329,316,332,307,310,138,142,225,331,lean_forward,"30.589473684210525,35.88421052631579,54.56842105263158,34.95789473684211,67.14736842105263,31.96842105263158,103.73684210526316,93.05263157894737,124.85263157894737,30.63157894736842"
334,332,319,335,310,313,138,143,226,334,lean_forward,"30.589473684210525,35.88421052631579,54.56842105263158,34.95789473684211,67.14736842105263,31.96842105263158,103.73684210526316,93.05263157894737,124.85263157894737,30.63157894736842"
335,333,320,337,311,314,139,143,227,335,lean_forward,"30.589473684210525,35.88421052631579,54.56842105263158,34.95789473684211,67.14736842105263,31.96842105263158,103.73684210526316,93.05263157894737,124.85263157894737,30.63157894736842"
337,334,321,338,313,316,140,144,230,337,lean_forward,"30.589473684210525,35.88421052631579,54.56842105263158,34.95789473684211,67.14736842105263,31.96842105263158,103.73684210526316,93.05263157894737,124.85263157894737,30.63157894736842"
333,331,318,335,310,313,139,143,231,334,lean_forward,"30.589473684210525,35.88421052631579,54.56842105263158,34.95789473684211,67.14736842105263,31.96842105263158,103.73684210526316,93.05263157894737,124.85263157894737,30.63157894736842"
338,336,322,339,314,318,140,144,225,338,lean_forward,"30.589473684210525,35.88421052631579,54.56842105263158,34.95789473684211,67.14736842105263,31.96842105263158,103.73684210526316,93.05263157894737,124.85263157894737,30.63157894736842"
338,336,323,339,314,318,140,144,225,338,lean_forward,"30.589473684210525,35.88421052631579,54.56842105263158,34.95789473684211,67.14736842105263,31.96842105263158,103.73684210526316,93.05263157894737,124.85263157894737,30.63157894736842"
338,336,323,340,314,318,140,144,225,338,lean_forward,"30.589473684210525,35.88421052631579,54.56842105263158,34.95789473684211,67.14736842105263,31.96842105263158,103.73684210526316,93.05263157894737,124.85263157894737,30.63157894736842"
339,337,323,340,315,318,141,144,225,339,lean_forward,"30.589473684210525,35.88421052631579,54.56842105263158,34.95789473684211,67.14736842105263,31.96842105263158,103.73684210526316,93.05263157894737,124.85263157894737,30.63157894736842"
340,337,324,341,316,319,141,145,225,340,lean_forward,"30.589473684210525,35.88421052631579,54.56842105263158,34.95789473684211,67.14736842105263,31.96842105263158,103.73684210526316,93.05263157894737,124.85263157894737,30.63157894736842"
340,338,324,341,316,320,141,145,225,340,lean_forward,"30.589473684210525,35.88421052631579,54.56842105263158,34.95789473684211,67.14736842105263,31.96842105263158,103.73684210526316,93.05263157894737,124.85263157894737,30.63157894736842"
340,338,324,341,316,319,141,145,226,340,lean_forward,"30.589473684210525,35.88421052631579,54.56842105263158,34.95789473684211,67.14736842105263,31.96842105263158,103.73684210526316,93.05263157894737,124.85263157894737,30.63157894736842"
339,337,324,341,315,319,141,145,228,339,lean_forward,"30.589473684210525,35.88421052631579,54.56842105263158,34.95789473684211,67.14736842105263,31.96842105263158,103.73684210526316,93.05263157894737,124.85263157894737,30.63157894736842"
340,338,324,342,316,320,141,146,226,340,lean_forward,"30.589473684210525,35.88421052631579,54.56842105263158,34.95789473684211,67.14736842105263,31.96842105263158,103.73684210526316,93.05263157894737,124.85263157894737,30.63157894736842"
340,338,324,341,316,320,141,145,225,340,lean_forward,"30.589473684210525,35.88421052631579,54.56842105263158,34.95789473684211,67.14736842105263,31.96842105263158,103.73684210526316,93.05263157894737,124.85263157894737,30.63157894736842"
339,337,324,341,315,319,141,145,225,339,lean_forward,"30.589473684210525,35.88421052631579,54.56842105263158,34.95789473684211,67.14736842105263,31.96842105263158,103.73684210526316,93.05263157894737,124.85263157894737,30.63157894736842"
340,337,324,341,316,319,141,145,226,340,lean_forward,"30.589473684210525,35.88421052631579,54.56842105263158,34.95789473684211,67.14736842105263,31.96842105263158,103.73684210526316,93.05263157894737,124.85263157894737,30.63157894736842"
339,341,323,340,315,318,141,145,225,339,lean_forward,"30.589473684210525,35.88421052631579,54.56842105263158,34.95789473684211,67.14736842105263,31.96842105263158,103.73684210526316,93.05263157894737,124.85263157894737,30.63157894736842"
338,341,323,340,315,317,140,144,224,338,lean_forward,"30.589473684210525,35.88421052631579,54.56842105263158,34.95789473684211,67.14736842105263,31.96842105263158,103.73684210526316,93.05263157894737,124.85263157894737,30.63157894736842"
336,339,321,337,312,315,140,144,223,336,lean_forward,"30.589473684210525,35.88421052631579,54.56842105263158,34.95789473684211,67.14736842105263,31.96842105263158,103.73684210526316,93.05263157894737,124.85263157894737,30.63157894736842"
337,340,321,338,313,316,140,144,223,337,lean_forward,"30.589473684210525,35.88421052631579,54.56842105263158,34.95789473684211,67.14736842105263,31.96842105263158,103.73684210526316,93.05263157894737,124.85263157894737,30.63157894736842"
337,341,322,339,314,317,140,144,223,337,lean_forward,"30.589473684210525,35.88421052631579,54.56842105263158,34.95789473684211,67.14736842105263,31.96842105263158,103.73684210526316,93.05263157894737,124.85263157894737,30.63157894736842"
338,342,323,340,315,318,142,144,224,338,lean_forward,"30.589473684210525,35.88421052631579,54.56842105263158,34.95789473684211,67.14736842105263,31.96842105263158,103.73684210526316,93.05263157894737,124.85263157894737,30.63157894736842"
340,344,325,342,317,320,142,146,226,340,lean_forward,"30.589473684210525,35.88421052631579,54.56842105263158,34.95789473684211,67.14736842105263,31.96842105263158,103.73684210526316,93.05263157894737,124.85263157894737,30.63157894736842"
340,344,324,342,316,319,142,146,225,339,lean_forward,"30.589473684210525,35.88421052631579,54.56842105263158,34.95789473684211,67.14736842105263,31.96842105263158,103.73684210526316,93.05263157894737,124.85263157894737,30.63157894736842"
339,343,323,341,316,320,142,146,225,339,lean_forward,"30.589473684210525,35.88421052631579,54.56842105263158,34.95789473684211,67.14736842105263,31.96842105263158,103.73684210526316,93.05263157894737,124.85263157894737,30.63157894736842"
342,345,326,344,318,322,143,147,226,341,lean_forward,"30.589473684210525,35.88421052631579,54.56842105263158,34.95789473684211,67.14736842105263,31.96842105263158,103.73684210526316,93.05263157894737,124.85263157894737,30.63157894736842"
340,344,325,342,317,320,142,146,226,340,lean_forward,"30.589473684210525,35.88421052631579,54.56842105263158,34.95789473684211,67.14736842105263,31.96842105263158,103.73684210526316,93.05263157894737,124.85263157894737,30.63157894736842"
341,344,325,343,318,321,142,146,226,341,lean_forward,"30.589473684210525,35.88421052631579,54.56842105263158,34.95789473684211,67.14736842105263,31.96842105263158,103.73684210526316,93.05263157894737,124.85263157894737,30.63157894736842"
340,344,325,342,317,320,141,146,226,340,lean_forward,"30.589473684210525,35.88421052631579,54.56842105263158,34.95789473684211,67.14736842105263,31.96842105263158,103.73684210526316,93.05263157894737,124.85263157894737,30.63157894736842"
339,343,324,341,317,320,141,146,225,340,lean_forward,"30.589473684210525,35.88421052631579,54.56842105263158,34.95789473684211,67.14736842105263,31.96842105263158,103.73684210526316,93.05263157894737,124.85263157894737,30.63157894736842"
340,344,325,343,318,322,142,146,225,340,lean_forward,"30.589473684210525,35.88421052631579,54.56842105263158,34.95789473684211,67.14736842105263,31.96842105263158,103.73684210526316,93.05263157894737,124.85263157894737,30.63157894736842"
340,344,325,342,317,322,141,145,225,340,lean_forward,"30.589473684210525,35.88421052631579,54.56842105263158,34.95789473684211,67.14736842105263,31.96842105263158,103.73684210526316,93.05263157894737,124.85263157894737,30.63157894736842"
338,342,323,340,315,320,138,143,223,337,lean_forward,"30.589473684210525,35.88421052631579,54.56842105263158,34.95789473684211,67.14736842105263,31.96842105263158,103.73684210526316,93.05263157894737,124.85263157894737,30.63157894736842"
335,340,320,338,313,317,136,141,220,335,lean_forward,"30.589473684210525,35.88421052631579,54.56842105263158,34.95789473684211,67.14736842105263,31.96842105263158,103.73684210526316,93.05263157894737,124.85263157894737,30.63157894736842"
334,340,319,337,312,317,136,141,220,334,lean_forward,"30.589473684210525,35.88421052631579,54.56842105263158,34.95789473684211,67.14736842105263,31.96842105263158,103.73684210526316,93.05263157894737,124.85263157894737,30.63157894736842"
334,340,319,337,312,318,136,141,220,334,lean_forward,"30.589473684210525,35.88421052631579,54.56842105263158,34.95789473684211,67.14736842105263,31.96842105263158,103.73684210526316,93.05263157894737,124.85263157894737,30.63157894736842"
333,336,318,336,311,318,136,140,219,332,lean_forward,"30.589473684210525,35.88421052631579,54.56842105263158,34.95789473684211,67.14736842105263,31.96842105263158,103.73684210526316,93.05263157894737,124.85263157894737,30.63157894736842"
332,337,318,335,311,318,136,140,219,332,lean_forward,"30.589473684210525,35.88421052631579,54.56842105263158,34.95789473684211,67.14736842105263,31.96842105263158,103.73684210526316,93.05263157894737,124.85263157894737,30.63157894736842"
334,338,319,337,312,319,136,140,220,334,lean_forward,"30.589473684210525,35.88421052631579,54.56842105263158,34.95789473684211,67.14736842105263,31.96842105263158,103.73684210526316,93.05263157894737,124.85263157894737,30.63157894736842"
334,338,320,338,313,320,136,140,220,334,lean_forward,"30.589473684210525,35.88421052631579,54.56842105263158,34.95789473684211,67.14736842105263,31.96842105263158,103.73684210526316,93.05263157894737,124.85263157894737,30.63157894736842"
333,336,319,336,312,319,135,140,221,333,lean_forward,"30.589473684210525,35.88421052631579,54.56842105263158,34.95789473684211,67.14736842105263,31.96842105263158,103.73684210526316,93.05263157894737,124.85263157894737,30.63157894736842"
335,339,321,338,314,321,137,142,223,335,lean_forward,"30.589473684210525,35.88421052631579,54.56842105263158,34.95789473684211,67.14736842105263,31.96842105263158,103.73684210526316,93.05263157894737,124.85263157894737,30.63157894736842"
335,339,321,338,314,321,137,142,222,335,lean_forward,"30.589473684210525,35.88421052631579,54.56842105263158,34.95789473684211,67.14736842105263,31.96842105263158,103.73684210526316,93.05263157894737,124.85263157894737,30.63157894736842"
336,341,322,339,315,323,137,142,224,336,lean_forward,"30.589473684210525,35.88421052631579,54.56842105263158,34.95789473684211,67.14736842105263,31.96842105263158,103.73684210526316,93.05263157894737,124.85263157894737,30.63157894736842"
336,340,321,339,315,322,137,142,223,336,lean_forward,"30.589473684210525,35.88421052631579,54.56842105263158,34.95789473684211,67.14736842105263,31.96842105263158,103.73684210526316,93.05263157894737,124.85263157894737,30.63157894736842"
336,341,321,339,316,323,137,142,222,336,lean_forward,"30.589473684210525,35.88421052631579,54.56842105263158,34.95789473684211,67.14736842105263,31.96842105263158,103.73684210526316,93.05263157894737,124.85263157894737,30.63157894736842"
336,340,321,339,316,323,137,142,224,336,lean_forward,"30.589473684210525,35.88421052631579,54.56842105263158,34.95789473684211,67.14736842105263,31.96842105263158,103.73684210526316,93.05263157894737,124.85263157894737,30.63157894736842"
335,341,321,339,315,323,137,142,227,335,lean_forward,"30.589473684210525,35.88421052631579,54.56842105263158,34.95789473684211,67.14736842105263,31.96842105263158,103.73684210526316,93.05263157894737,124.85263157894737,30.63157894736842"
333,340,319,337,313,322,136,141,231,333,lean_forward,"30.589473684210525,35.88421052631579,54.56842105263158,34.95789473684211,67.14736842105263,31.96842105263158,103.73684210526316,93.05263157894737,124.85263157894737,30.63157894736842"
334,341,319,335,310,318,135,141,252,330,lean_forward,"30.589473684210525,35.88421052631579,54.56842105263158,34.95789473684211,67.14736842105263,31.96842105263158,103.73684210526316,93.05263157894737,124.85263157894737,30.63157894736842"
333,341,319,337,313,321,136,141,252,333,lean_forward,"30.589473684210525,35.88421052631579,54.56842105263158,34.95789473684211,67.14736842105263,31.96842105263158,103.73684210526316,93.05263157894737,124.85263157894737,30.63157894736842"
332,340,318,336,312,320,136,141,252,332,lean_forward,"30.589473684210525,35.88421052631579,54.56842105263158,34.95789473684211,67.14736842105263,31.96842105263158,103.73684210526316,93.05263157894737,124.85263157894737,30.63157894736842"
336,344,321,339,315,324,137,142,253,336,lean_forward,"30.589473684210525,35.88421052631579,54.56842105263158,34.95789473684211,67.14736842105263,31.96842105263158,103.73684210526316,93.05263157894737,124.85263157894737,30.63157894736842"
332,340,318,336,313,321,136,141,252,332,lean_forward,"30.589473684210525,35.88421052631579,54.56842105263158,34.95789473684211,67.14736842105263,31.96842105263158,103.73684210526316,93.05263157894737,124.85263157894737,30.63157894736842"
333,341,319,336,313,321,136,141,252,333,lean_forward,"30.589473684210525,35.88421052631579,54.56842105263158,34.95789473684211,67.14736842105263,31.96842105263158,103.73684210526316,93.05263157894737,124.85263157894737,30.63157894736842"
333,341,319,336,313,321,137,142,251,333,lean_forward,"30.589473684210525,35.88421052631579,54.56842105263158,34.95789473684211,67.14736842105263,31.96842105263158,103.73684210526316,93.05263157894737,124.85263157894737,30.63157894736842"
334,342,320,337,314,322,136,141,252,334,lean_forward,"30.589473684210525,35.88421052631579,54.56842105263158,34.95789473684211,67.14736842105263,31.96842105263158,103.73684210526316,93.05263157894737,124.85263157894737,30.63157894736842"
335,343,321,338,315,323,137,142,253,335,lean_forward,"30.589473684210525,35.88421052631579,54.56842105263158,34.95789473684211,67.14736842105263,31.96842105263158,103.73684210526316,93.05263157894737,124.85263157894737,30.63157894736842"
335,343,321,338,315,324,136,142,253,335,lean_forward,"30.589473684210525,35.88421052631579,54.56842105263158,34.95789473684211,67.14736842105263,31.96842105263158,103.73684210526316,93.05263157894737,124.85263157894737,30.63157894736842"
335,343,320,337,315,323,136,141,252,334,lean_forward,"30.589473684210525,35.88421052631579,54.56842105263158,34.95789473684211,67.14736842105263,31.96842105263158,103.73684210526316,93.05263157894737,124.85263157894737,30.63157894736842"
335,343,320,338,316,324,136,142,252,335,lean_forward,"30.589473684210525,35.88421052631579,54.56842105263158,34.95789473684211,67.14736842105263,31.96842105263158,103.73684210526316,93.05263157894737,124.85263157894737,30.63157894736842"
335,343,320,338,315,324,136,141,253,335,lean_forward,"30.589473684210525,35.88421052631579,54.56842105263158,34.95789473684211,67.14736842105263,31.96842105263158,103.73684210526316,93.05263157894737,124.85263157894737,30.63157894736842"
335,343,320,337,315,324,136,141,253,335,lean_forward,"30.589473684210525,35.88421052631579,54.56842105263158,34.95789473684211,67.14736842105263,31.96842105263158,103.73684210526316,93.05263157894737,124.85263157894737,30.63157894736842"
333,341,318,335,313,322,136,141,252,333,lean_forward,"30.589473684210525,35.88421052631579,54.56842105263158,34.95789473684211,67.14736842105263,31.96842105263158,103.73684210526316,93.05263157894737,124.85263157894737,30.63157894736842"
337,345,323,340,317,327,137,142,253,337,lean_forward,"30.589473684210525,35.88421052631579,54.56842105263158,34.95789473684211,67.14736842105263,31.96842105263158,103.73684210526316,93.05263157894737,124.85263157894737,30.63157894736842"
331,339,317,334,312,321,135,140,252,331,lean_forward,"30.589473684210525,35.88421052631579,54.56842105263158,34.95789473684211,67.14736842105263,31.96842105263158,103.73684210526316,93.05263157894737,124.85263157894737,30.63157894736842"
334,342,320,337,314,323,136,141,252,334,lean_forward,"30.589473684210525,35.88421052631579,54.56842105263158,34.95789473684211,67.14736842105263,31.96842105263158,103.73684210526316,93.05263157894737,124.85263157894737,30.63157894736842"
333,342,319,336,314,323,136,140,252,333,lean_forward,"30.589473684210525,35.88421052631579,54.56842105263158,34.95789473684211,67.14736842105263,31.96842105263158,103.73684210526316,93.05263157894737,124.85263157894737,30.63157894736842"
334,342,320,337,314,324,135,140,252,334,lean_forward,"30.589473684210525,35.88421052631579,54.56842105263158,34.95789473684211,67.14736842105263,31.96842105263158,103.73684210526316,93.05263157894737,124.85263157894737,30.63157894736842"
334,342,320,337,314,324,136,141,252,334,lean_forward,"30.589473684210525,35.88421052631579,54.56842105263158,34.95789473684211,67.14736842105263,31.96842105263158,103.73684210526316,93.05263157894737,124.85263157894737,30.63157894736842"
334,342,319,336,314,324,136,141,252,333,lean_forward,"30.589473684210525,35.88421052631579,54.56842105263158,34.95789473684211,67.14736842105263,31.96842105263158,103.73684210526316,93.05263157894737,124.85263157894737,30.63157894736842"
334,343,320,337,315,324,136,141,252,335,lean_forward,"30.589473684210525,35.88421052631579,54.56842105263158,34.95789473684211,67.14736842105263,31.96842105263158,103.73684210526316,93.05263157894737,124.85263157894737,30.63157894736842"
334,342,320,337,314,325,136,141,251,334,lean_forward,"30.589473684210525,35.88421052631579,54.56842105263158,34.95789473684211,67.14736842105263,31.96842105263158,103.73684210526316,93.05263157894737,124.85263157894737,30.63157894736842"
335,343,320,337,315,325,136,141,252,335,lean_forward,"30.589473684210525,35.88421052631579,54.56842105263158,34.95789473684211,67.14736842105263,31.96842105263158,103.73684210526316,93.05263157894737,124.85263157894737,30.63157894736842"
335,344,321,339,316,326,137,141,252,336,lean_forward,"30.589473684210525,35.88421052631579,54.56842105263158,34.95789473684211,67.14736842105263,31.96842105263158,103.73684210526316,93.05263157894737,124.85263157894737,30.63157894736842"
335,344,321,338,316,326,136,141,251,335,lean_forward,"30.589473684210525,35.88421052631579,54.56842105263158,34.95789473684211,67.14736842105263,31.96842105263158,103.73684210526316,93.05263157894737,124.85263157894737,30.63157894736842"
335,343,320,338,315,326,136,141,252,335,lean_forward,"30.589473684210525,35.88421052631579,54.56842105263158,34.95789473684211,67.14736842105263,31.96842105263158,103.73684210526316,93.05263157894737,124.85263157894737,30.63157894736842"
334,343,320,337,315,325,136,141,251,335,lean_forward,"30.589473684210525,35.88421052631579,54.56842105263158,34.95789473684211,67.14736842105263,31.96842105263158,103.73684210526316,93.05263157894737,124.85263157894737,30.63157894736842"
335,343,321,338,315,326,136,141,251,335,lean_forward,"30.589473684210525,35.88421052631579,54.56842105263158,34.95789473684211,67.14736842105263,31.96842105263158,103.73684210526316,93.05263157894737,124.85263157894737,30.63157894736842"
335,343,320,338,315,326,136,141,251,335,lean_forward,"30.589473684210525,35.88421052631579,54.56842105263158,34.95789473684211,67.14736842105263,31.96842105263158,103.73684210526316,93.05263157894737,124.85263157894737,30.63157894736842"
334,344,320,337,315,326,136,141,247,334,lean_forward,"30.589473684210525,35.88421052631579,54.56842105263158,34.95789473684211,67.14736842105263,31.96842105263158,103.73684210526316,93.05263157894737,124.85263157894737,30.63157894736842"
335,344,320,338,315,326,136,141,247,334,lean_forward,"30.589473684210525,35.88421052631579,54.56842105263158,34.95789473684211,67.14736842105263,31.96842105263158,103.73684210526316,93.05263157894737,124.85263157894737,30.63157894736842"
335,345,320,338,316,326,136,140,245,335,lean_forward,"30.589473684210525,35.88421052631579,54.56842105263158,34.95789473684211,67.14736842105263,31.96842105263158,103.73684210526316,93.05263157894737,124.85263157894737,30.63157894736842"
335,344,321,338,316,326,136,141,237,335,lean_forward,"30.589473684210525,35.88421052631579,54.56842105263158,34.95789473684211,67.14736842105263,31.96842105263158,103.73684210526316,93.05263157894737,124.85263157894737,30.63157894736842"
335,344,321,338,316,326,136,141,237,335,lean_forward,"30.589473684210525,35.88421052631579,54.56842105263158,34.95789473684211,67.14736842105263,31.96842105263158,103.73684210526316,93.05263157894737,124.85263157894737,30.63157894736842"
334,344,320,337,315,325,135,141,236,334,lean_forward,"30.589473684210525,35.88421052631579,54.56842105263158,34.95789473684211,67.14736842105263,31.96842105263158,103.73684210526316,93.05263157894737,124.85263157894737,30.63157894736842"
335,345,321,338,315,326,135,141,237,335,lean_forward,"30.589473684210525,35.88421052631579,54.56842105263158,34.95789473684211,67.14736842105263,31.96842105263158,103.73684210526316,93.05263157894737,124.85263157894737,30.63157894736842"
338,347,323,340,318,329,135,142,238,337,lean_forward,"30.589473684210525,35.88421052631579,54.56842105263158,34.95789473684211,67.14736842105263,31.96842105263158,103.73684210526316,93.05263157894737,124.85263157894737,30.63157894736842"
338,347,323,340,317,329,134,141,237,337,lean_forward,"30.589473684210525,35.88421052631579,54.56842105263158,34.95789473684211,67.14736842105263,31.96842105263158,103.73684210526316,93.05263157894737,124.85263157894737,30.63157894736842"
337,346,323,340,317,329,135,141,238,337,lean_forward,"30.589473684210525,35.88421052631579,54.56842105263158,34.95789473684211,67.14736842105263,31.96842105263158,103.73684210526316,93.05263157894737,124.85263157894737,30.63157894736842"
337,345,323,341,317,329,135,142,238,337,lean_forward,"30.589473684210525,35.88421052631579,54.56842105263158,34.95789473684211,67.14736842105263,31.96842105263158,103.73684210526316,93.05263157894737,124.85263157894737,30.63157894736842"
336,345,322,339,316,329,134,141,239,336,lean_forward,"30.589473684210525,35.88421052631579,54.56842105263158,34.95789473684211,67.14736842105263,31.96842105263158,103.73684210526316,93.05263157894737,124.85263157894737,30.63157894736842"
