Reading 1,Reading 2,Reading 3,Reading 4,Label,Baseline
564,566,577,567,lean forward,"256.0618556701031,229.8659793814433,151.3298969072165,139.28865979381445"
569,572,582,573,lean forward,"256.0618556701031,229.8659793814433,151.3298969072165,139.28865979381445"
574,576,585,576,lean forward,"256.0618556701031,229.8659793814433,151.3298969072165,139.28865979381445"
577,578,587,578,lean forward,"256.0618556701031,229.8659793814433,151.3298969072165,139.28865979381445"
585,583,591,581,lean forward,"256.0618556701031,229.8659793814433,151.3298969072165,139.28865979381445"
580,579,589,578,lean forward,"256.0618556701031,229.8659793814433,151.3298969072165,139.28865979381445"
578,577,587,576,lean forward,"256.0618556701031,229.8659793814433,151.3298969072165,139.28865979381445"
580,576,587,576,lean forward,"256.0618556701031,229.8659793814433,151.3298969072165,139.28865979381445"
576,574,585,574,lean forward,"256.0618556701031,229.8659793814433,151.3298969072165,139.28865979381445"
575,573,584,573,lean forward,"256.0618556701031,229.8659793814433,151.3298969072165,139.28865979381445"
576,574,585,574,lean forward,"256.0618556701031,229.8659793814433,151.3298969072165,139.28865979381445"
580,573,586,574,lean forward,"256.0618556701031,229.8659793814433,151.3298969072165,139.28865979381445"
581,577,590,579,lean forward,"256.0618556701031,229.8659793814433,151.3298969072165,139.28865979381445"
579,575,588,577,lean forward,"256.0618556701031,229.8659793814433,151.3298969072165,139.28865979381445"
576,576,590,580,lean forward,"256.0618556701031,229.8659793814433,151.3298969072165,139.28865979381445"
573,576,591,579,lean forward,"256.0618556701031,229.8659793814433,151.3298969072165,139.28865979381445"
568,572,588,576,lean forward,"256.0618556701031,229.8659793814433,151.3298969072165,139.28865979381445"
567,573,589,576,lean forward,"256.0618556701031,229.8659793814433,151.3298969072165,139.28865979381445"
565,571,588,575,lean forward,"256.0618556701031,229.8659793814433,151.3298969072165,139.28865979381445"
567,571,588,574,lean forward,"256.0618556701031,229.8659793814433,151.3298969072165,139.28865979381445"
570,573,588,575,lean forward,"256.0618556701031,229.8659793814433,151.3298969072165,139.28865979381445"
570,573,588,575,lean forward,"256.0618556701031,229.8659793814433,151.3298969072165,139.28865979381445"
571,572,588,574,lean forward,"256.0618556701031,229.8659793814433,151.3298969072165,139.28865979381445"
572,573,588,574,lean forward,"256.0618556701031,229.8659793814433,151.3298969072165,139.28865979381445"
573,572,586,573,lean forward,"256.0618556701031,229.8659793814433,151.3298969072165,139.28865979381445"
573,573,587,574,lean forward,"256.0618556701031,229.8659793814433,151.3298969072165,139.28865979381445"
572,573,588,575,lean forward,"256.0618556701031,229.8659793814433,151.3298969072165,139.28865979381445"
571,575,590,576,lean forward,"256.0618556701031,229.8659793814433,151.3298969072165,139.28865979381445"
574,577,592,579,lean forward,"256.0618556701031,229.8659793814433,151.3298969072165,139.28865979381445"
571,574,590,577,lean forward,"256.0618556701031,229.8659793814433,151.3298969072165,139.28865979381445"
569,573,589,576,lean forward,"256.0618556701031,229.8659793814433,151.3298969072165,139.28865979381445"
569,573,589,576,lean forward,"256.0618556701031,229.8659793814433,151.3298969072165,139.28865979381445"
566,572,588,575,lean forward,"256.0618556701031,229.8659793814433,151.3298969072165,139.28865979381445"
560,567,584,570,lean forward,"256.0618556701031,229.8659793814433,151.3298969072165,139.28865979381445"
559,566,582,569,lean forward,"256.0618556701031,229.8659793814433,151.3298969072165,139.28865979381445"
559,566,582,569,lean forward,"256.0618556701031,229.8659793814433,151.3298969072165,139.28865979381445"
560,566,581,568,lean forward,"256.0618556701031,229.8659793814433,151.3298969072165,139.28865979381445"
559,567,580,568,lean forward,"256.0618556701031,229.8659793814433,151.3298969072165,139.28865979381445"
560,569,580,568,lean forward,"256.0618556701031,229.8659793814433,151.3298969072165,139.28865979381445"
561,570,579,569,lean forward,"256.0618556701031,229.8659793814433,151.3298969072165,139.28865979381445"
562,572,579,568,lean forward,"256.0618556701031,229.8659793814433,151.3298969072165,139.28865979381445"
562,574,579,569,lean forward,"256.0618556701031,229.8659793814433,151.3298969072165,139.28865979381445"
563,574,578,568,lean forward,"256.0618556701031,229.8659793814433,151.3298969072165,139.28865979381445"
563,574,577,568,lean forward,"256.0618556701031,229.8659793814433,151.3298969072165,139.28865979381445"
564,575,577,568,lean forward,"256.0618556701031,229.8659793814433,151.3298969072165,139.28865979381445"
564,576,577,567,lean forward,"256.0618556701031,229.8659793814433,151.3298969072165,139.28865979381445"
565,577,577,568,lean forward,"256.0618556701031,229.8659793814433,151.3298969072165,139.28865979381445"
567,577,577,568,lean forward,"256.0618556701031,229.8659793814433,151.3298969072165,139.28865979381445"
567,579,578,568,lean forward,"256.0618556701031,229.8659793814433,151.3298969072165,139.28865979381445"
566,579,577,569,lean forward,"256.0618556701031,229.8659793814433,151.3298969072165,139.28865979381445"
566,580,578,568,lean forward,"256.0618556701031,229.8659793814433,151.3298969072165,139.28865979381445"
566,579,578,570,lean forward,"256.0618556701031,229.8659793814433,151.3298969072165,139.28865979381445"
566,579,579,569,lean forward,"256.0618556701031,229.8659793814433,151.3298969072165,139.28865979381445"
567,579,578,570,lean forward,"256.0618556701031,229.8659793814433,151.3298969072165,139.28865979381445"
568,578,579,570,lean forward,"256.0618556701031,229.8659793814433,151.3298969072165,139.28865979381445"
567,577,579,570,lean forward,"256.0618556701031,229.8659793814433,151.3298969072165,139.28865979381445"
567,575,579,570,lean forward,"256.0618556701031,229.8659793814433,151.3298969072165,139.28865979381445"
566,574,579,570,lean forward,"256.0618556701031,229.8659793814433,151.3298969072165,139.28865979381445"
565,573,578,569,lean forward,"256.0618556701031,229.8659793814433,151.3298969072165,139.28865979381445"
563,573,578,570,lean forward,"256.0618556701031,229.8659793814433,151.3298969072165,139.28865979381445"
562,571,579,570,lean forward,"256.0618556701031,229.8659793814433,151.3298969072165,139.28865979381445"
560,571,578,569,lean forward,"256.0618556701031,229.8659793814433,151.3298969072165,139.28865979381445"
560,570,577,569,lean forward,"256.0618556701031,229.8659793814433,151.3298969072165,139.28865979381445"
559,570,577,568,lean forward,"256.0618556701031,229.8659793814433,151.3298969072165,139.28865979381445"
558,570,577,567,lean forward,"256.0618556701031,229.8659793814433,151.3298969072165,139.28865979381445"
559,570,577,567,lean forward,"256.0618556701031,229.8659793814433,151.3298969072165,139.28865979381445"
558,570,577,567,lean forward,"256.0618556701031,229.8659793814433,151.3298969072165,139.28865979381445"
559,570,578,565,lean forward,"256.0618556701031,229.8659793814433,151.3298969072165,139.28865979381445"
558,570,578,564,lean forward,"256.0618556701031,229.8659793814433,151.3298969072165,139.28865979381445"
558,570,578,562,lean forward,"256.0618556701031,229.8659793814433,151.3298969072165,139.28865979381445"
558,570,578,562,lean forward,"256.0618556701031,229.8659793814433,151.3298969072165,139.28865979381445"
558,571,578,561,lean forward,"256.0618556701031,229.8659793814433,151.3298969072165,139.28865979381445"
559,571,578,561,lean forward,"256.0618556701031,229.8659793814433,151.3298969072165,139.28865979381445"
559,571,579,561,lean forward,"256.0618556701031,229.8659793814433,151.3298969072165,139.28865979381445"
559,571,578,561,lean forward,"256.0618556701031,229.8659793814433,151.3298969072165,139.28865979381445"
559,571,578,561,lean forward,"256.0618556701031,229.8659793814433,151.3298969072165,139.28865979381445"
558,570,578,561,lean forward,"256.0618556701031,229.8659793814433,151.3298969072165,139.28865979381445"
556,570,579,560,lean forward,"256.0618556701031,229.8659793814433,151.3298969072165,139.28865979381445"
553,569,578,559,lean forward,"256.0618556701031,229.8659793814433,151.3298969072165,139.28865979381445"
552,569,578,558,lean forward,"256.0618556701031,229.8659793814433,151.3298969072165,139.28865979381445"
552,570,578,558,lean forward,"256.0618556701031,229.8659793814433,151.3298969072165,139.28865979381445"
553,570,578,559,lean forward,"256.0618556701031,229.8659793814433,151.3298969072165,139.28865979381445"
553,570,578,559,lean forward,"256.0618556701031,229.8659793814433,151.3298969072165,139.28865979381445"
553,569,578,559,lean forward,"256.0618556701031,229.8659793814433,151.3298969072165,139.28865979381445"
551,569,579,559,lean forward,"256.0618556701031,229.8659793814433,151.3298969072165,139.28865979381445"
551,567,579,560,lean forward,"256.0618556701031,229.8659793814433,151.3298969072165,139.28865979381445"
550,567,579,560,lean forward,"256.0618556701031,229.8659793814433,151.3298969072165,139.28865979381445"
550,567,579,560,lean forward,"256.0618556701031,229.8659793814433,151.3298969072165,139.28865979381445"
550,567,579,559,lean forward,"256.0618556701031,229.8659793814433,151.3298969072165,139.28865979381445"
550,568,578,558,lean forward,"256.0618556701031,229.8659793814433,151.3298969072165,139.28865979381445"
548,567,578,558,lean forward,"256.0618556701031,229.8659793814433,151.3298969072165,139.28865979381445"
546,566,578,558,lean forward,"256.0618556701031,229.8659793814433,151.3298969072165,139.28865979381445"
547,566,578,558,lean forward,"256.0618556701031,229.8659793814433,151.3298969072165,139.28865979381445"
550,565,577,558,lean forward,"256.0618556701031,229.8659793814433,151.3298969072165,139.28865979381445"
554,566,576,558,lean forward,"256.0618556701031,229.8659793814433,151.3298969072165,139.28865979381445"
557,566,576,557,lean forward,"256.0618556701031,229.8659793814433,151.3298969072165,139.28865979381445"
559,567,576,557,lean forward,"256.0618556701031,229.8659793814433,151.3298969072165,139.28865979381445"
561,567,577,558,lean forward,"256.0618556701031,229.8659793814433,151.3298969072165,139.28865979381445"
562,567,577,558,lean forward,"256.0618556701031,229.8659793814433,151.3298969072165,139.28865979381445"
566,572,578,558,lean forward,"256.0618556701031,229.8659793814433,151.3298969072165,139.28865979381445"
566,574,578,558,lean forward,"256.0618556701031,229.8659793814433,151.3298969072165,139.28865979381445"
564,574,578,558,lean forward,"256.0618556701031,229.8659793814433,151.3298969072165,139.28865979381445"
560,573,579,559,lean forward,"256.0618556701031,229.8659793814433,151.3298969072165,139.28865979381445"
555,571,577,559,lean forward,"256.0618556701031,229.8659793814433,151.3298969072165,139.28865979381445"
551,570,578,559,lean forward,"256.0618556701031,229.8659793814433,151.3298969072165,139.28865979381445"
550,568,578,560,lean forward,"256.0618556701031,229.8659793814433,151.3298969072165,139.28865979381445"
549,568,578,560,lean forward,"256.0618556701031,229.8659793814433,151.3298969072165,139.28865979381445"
550,568,578,560,lean forward,"256.0618556701031,229.8659793814433,151.3298969072165,139.28865979381445"
551,569,579,559,lean forward,"256.0618556701031,229.8659793814433,151.3298969072165,139.28865979381445"
551,568,579,559,lean forward,"256.0618556701031,229.8659793814433,151.3298969072165,139.28865979381445"
551,568,578,560,lean forward,"256.0618556701031,229.8659793814433,151.3298969072165,139.28865979381445"
551,568,579,560,lean forward,"256.0618556701031,229.8659793814433,151.3298969072165,139.28865979381445"
551,567,579,560,lean forward,"256.0618556701031,229.8659793814433,151.3298969072165,139.28865979381445"
551,567,579,560,lean forward,"256.0618556701031,229.8659793814433,151.3298969072165,139.28865979381445"
551,568,579,560,lean forward,"256.0618556701031,229.8659793814433,151.3298969072165,139.28865979381445"
551,568,579,561,lean forward,"256.0618556701031,229.8659793814433,151.3298969072165,139.28865979381445"
551,569,579,561,lean forward,"256.0618556701031,229.8659793814433,151.3298969072165,139.28865979381445"
550,569,579,561,lean forward,"256.0618556701031,229.8659793814433,151.3298969072165,139.28865979381445"
550,569,580,560,lean forward,"256.0618556701031,229.8659793814433,151.3298969072165,139.28865979381445"
551,569,579,560,lean forward,"256.0618556701031,229.8659793814433,151.3298969072165,139.28865979381445"
550,569,579,559,lean forward,"256.0618556701031,229.8659793814433,151.3298969072165,139.28865979381445"
549,569,579,559,lean forward,"256.0618556701031,229.8659793814433,151.3298969072165,139.28865979381445"
549,568,580,559,lean forward,"256.0618556701031,229.8659793814433,151.3298969072165,139.28865979381445"
548,567,579,559,lean forward,"256.0618556701031,229.8659793814433,151.3298969072165,139.28865979381445"
548,567,579,559,lean forward,"256.0618556701031,229.8659793814433,151.3298969072165,139.28865979381445"
548,567,578,558,lean forward,"256.0618556701031,229.8659793814433,151.3298969072165,139.28865979381445"
549,568,578,558,lean forward,"256.0618556701031,229.8659793814433,151.3298969072165,139.28865979381445"
550,567,578,558,lean forward,"256.0618556701031,229.8659793814433,151.3298969072165,139.28865979381445"
551,568,578,558,lean forward,"256.0618556701031,229.8659793814433,151.3298969072165,139.28865979381445"
552,568,578,558,lean forward,"256.0618556701031,229.8659793814433,151.3298969072165,139.28865979381445"
553,568,579,558,lean forward,"256.0618556701031,229.8659793814433,151.3298969072165,139.28865979381445"
553,569,579,558,lean forward,"256.0618556701031,229.8659793814433,151.3298969072165,139.28865979381445"
552,568,579,559,lean forward,"256.0618556701031,229.8659793814433,151.3298969072165,139.28865979381445"
551,567,579,558,lean forward,"256.0618556701031,229.8659793814433,151.3298969072165,139.28865979381445"
550,566,579,558,lean forward,"256.0618556701031,229.8659793814433,151.3298969072165,139.28865979381445"
549,566,580,558,lean forward,"256.0618556701031,229.8659793814433,151.3298969072165,139.28865979381445"
549,565,580,558,lean forward,"256.0618556701031,229.8659793814433,151.3298969072165,139.28865979381445"
549,565,580,558,lean forward,"256.0618556701031,229.8659793814433,151.3298969072165,139.28865979381445"
550,565,580,558,lean forward,"256.0618556701031,229.8659793814433,151.3298969072165,139.28865979381445"
551,565,580,558,lean forward,"256.0618556701031,229.8659793814433,151.3298969072165,139.28865979381445"
550,565,580,558,lean forward,"256.0618556701031,229.8659793814433,151.3298969072165,139.28865979381445"
550,565,580,559,lean forward,"256.0618556701031,229.8659793814433,151.3298969072165,139.28865979381445"
551,566,580,559,lean forward,"256.0618556701031,229.8659793814433,151.3298969072165,139.28865979381445"
551,565,580,559,lean forward,"256.0618556701031,229.8659793814433,151.3298969072165,139.28865979381445"
552,566,580,559,lean forward,"256.0618556701031,229.8659793814433,151.3298969072165,139.28865979381445"
551,566,580,559,lean forward,"256.0618556701031,229.8659793814433,151.3298969072165,139.28865979381445"
551,565,580,559,lean forward,"256.0618556701031,229.8659793814433,151.3298969072165,139.28865979381445"
551,565,580,559,lean forward,"256.0618556701031,229.8659793814433,151.3298969072165,139.28865979381445"
551,565,580,559,lean forward,"256.0618556701031,229.8659793814433,151.3298969072165,139.28865979381445"
551,565,580,559,lean forward,"256.0618556701031,229.8659793814433,151.3298969072165,139.28865979381445"
551,566,580,558,lean forward,"256.0618556701031,229.8659793814433,151.3298969072165,139.28865979381445"
549,566,580,558,lean forward,"256.0618556701031,229.8659793814433,151.3298969072165,139.28865979381445"
549,568,579,558,lean forward,"256.0618556701031,229.8659793814433,151.3298969072165,139.28865979381445"
549,568,579,557,lean forward,"256.0618556701031,229.8659793814433,151.3298969072165,139.28865979381445"
549,568,579,557,lean forward,"256.0618556701031,229.8659793814433,151.3298969072165,139.28865979381445"
550,569,579,557,lean forward,"256.0618556701031,229.8659793814433,151.3298969072165,139.28865979381445"
550,567,579,557,lean forward,"256.0618556701031,229.8659793814433,151.3298969072165,139.28865979381445"
550,569,579,557,lean forward,"256.0618556701031,229.8659793814433,151.3298969072165,139.28865979381445"
549,568,579,558,lean forward,"256.0618556701031,229.8659793814433,151.3298969072165,139.28865979381445"
547,567,579,558,lean forward,"256.0618556701031,229.8659793814433,151.3298969072165,139.28865979381445"
546,567,579,558,lean forward,"256.0618556701031,229.8659793814433,151.3298969072165,139.28865979381445"
546,567,579,558,lean forward,"256.0618556701031,229.8659793814433,151.3298969072165,139.28865979381445"
546,567,579,558,lean forward,"256.0618556701031,229.8659793814433,151.3298969072165,139.28865979381445"
546,567,579,558,lean forward,"256.0618556701031,229.8659793814433,151.3298969072165,139.28865979381445"
547,566,579,557,lean forward,"256.0618556701031,229.8659793814433,151.3298969072165,139.28865979381445"
547,566,580,556,lean forward,"256.0618556701031,229.8659793814433,151.3298969072165,139.28865979381445"
547,568,579,555,lean forward,"256.0618556701031,229.8659793814433,151.3298969072165,139.28865979381445"
547,569,580,555,lean forward,"256.0618556701031,229.8659793814433,151.3298969072165,139.28865979381445"
547,569,580,555,lean forward,"256.0618556701031,229.8659793814433,151.3298969072165,139.28865979381445"
547,570,580,555,lean forward,"256.0618556701031,229.8659793814433,151.3298969072165,139.28865979381445"
547,570,580,555,lean forward,"256.0618556701031,229.8659793814433,151.3298969072165,139.28865979381445"
547,570,580,555,lean forward,"256.0618556701031,229.8659793814433,151.3298969072165,139.28865979381445"
547,571,580,555,lean forward,"256.0618556701031,229.8659793814433,151.3298969072165,139.28865979381445"
547,571,580,555,lean forward,"256.0618556701031,229.8659793814433,151.3298969072165,139.28865979381445"
547,571,580,556,lean forward,"256.0618556701031,229.8659793814433,151.3298969072165,139.28865979381445"
548,571,580,556,lean forward,"256.0618556701031,229.8659793814433,151.3298969072165,139.28865979381445"
547,571,580,556,lean forward,"256.0618556701031,229.8659793814433,151.3298969072165,139.28865979381445"
547,571,580,556,lean forward,"256.0618556701031,229.8659793814433,151.3298969072165,139.28865979381445"
547,571,580,556,lean forward,"256.0618556701031,229.8659793814433,151.3298969072165,139.28865979381445"
547,571,580,556,lean forward,"256.0618556701031,229.8659793814433,151.3298969072165,139.28865979381445"
546,570,579,556,lean forward,"256.0618556701031,229.8659793814433,151.3298969072165,139.28865979381445"
546,569,579,556,lean forward,"256.0618556701031,229.8659793814433,151.3298969072165,139.28865979381445"
546,568,579,556,lean forward,"256.0618556701031,229.8659793814433,151.3298969072165,139.28865979381445"
548,567,579,556,lean forward,"256.0618556701031,229.8659793814433,151.3298969072165,139.28865979381445"
551,565,578,555,lean forward,"256.0618556701031,229.8659793814433,151.3298969072165,139.28865979381445"
555,564,578,555,lean forward,"256.0618556701031,229.8659793814433,151.3298969072165,139.28865979381445"
559,564,578,554,lean forward,"256.0618556701031,229.8659793814433,151.3298969072165,139.28865979381445"
563,566,578,555,lean forward,"256.0618556701031,229.8659793814433,151.3298969072165,139.28865979381445"
565,567,578,555,lean forward,"256.0618556701031,229.8659793814433,151.3298969072165,139.28865979381445"
566,568,578,555,lean forward,"256.0618556701031,229.8659793814433,151.3298969072165,139.28865979381445"
566,569,578,556,lean forward,"256.0618556701031,229.8659793814433,151.3298969072165,139.28865979381445"
566,569,578,556,lean forward,"256.0618556701031,229.8659793814433,151.3298969072165,139.28865979381445"
566,569,578,556,lean forward,"256.0618556701031,229.8659793814433,151.3298969072165,139.28865979381445"
566,570,579,557,lean forward,"256.0618556701031,229.8659793814433,151.3298969072165,139.28865979381445"
565,570,579,557,lean forward,"256.0618556701031,229.8659793814433,151.3298969072165,139.28865979381445"
564,570,579,557,lean forward,"256.0618556701031,229.8659793814433,151.3298969072165,139.28865979381445"
563,570,579,558,lean forward,"256.0618556701031,229.8659793814433,151.3298969072165,139.28865979381445"
562,570,579,557,lean forward,"256.0618556701031,229.8659793814433,151.3298969072165,139.28865979381445"
561,570,579,557,lean forward,"256.0618556701031,229.8659793814433,151.3298969072165,139.28865979381445"
561,570,579,558,lean forward,"256.0618556701031,229.8659793814433,151.3298969072165,139.28865979381445"
561,571,579,558,lean forward,"256.0618556701031,229.8659793814433,151.3298969072165,139.28865979381445"
561,571,579,558,lean forward,"256.0618556701031,229.8659793814433,151.3298969072165,139.28865979381445"
562,570,579,557,lean forward,"256.0618556701031,229.8659793814433,151.3298969072165,139.28865979381445"
562,570,579,557,lean forward,"256.0618556701031,229.8659793814433,151.3298969072165,139.28865979381445"
562,570,579,557,lean forward,"256.0618556701031,229.8659793814433,151.3298969072165,139.28865979381445"
562,570,579,559,lean forward,"256.0618556701031,229.8659793814433,151.3298969072165,139.28865979381445"
562,570,579,558,lean forward,"256.0618556701031,229.8659793814433,151.3298969072165,139.28865979381445"
562,571,580,559,lean forward,"256.0618556701031,229.8659793814433,151.3298969072165,139.28865979381445"
562,571,580,559,lean forward,"256.0618556701031,229.8659793814433,151.3298969072165,139.28865979381445"
562,570,580,559,lean forward,"256.0618556701031,229.8659793814433,151.3298969072165,139.28865979381445"
562,569,581,559,lean forward,"256.0618556701031,229.8659793814433,151.3298969072165,139.28865979381445"
561,569,580,559,lean forward,"256.0618556701031,229.8659793814433,151.3298969072165,139.28865979381445"
560,569,580,559,lean forward,"256.0618556701031,229.8659793814433,151.3298969072165,139.28865979381445"
560,569,581,560,lean forward,"256.0618556701031,229.8659793814433,151.3298969072165,139.28865979381445"
562,569,580,560,lean forward,"256.0618556701031,229.8659793814433,151.3298969072165,139.28865979381445"
561,569,581,559,lean forward,"256.0618556701031,229.8659793814433,151.3298969072165,139.28865979381445"
560,569,580,559,lean forward,"256.0618556701031,229.8659793814433,151.3298969072165,139.28865979381445"
559,569,580,559,lean forward,"256.0618556701031,229.8659793814433,151.3298969072165,139.28865979381445"
559,569,580,559,lean forward,"256.0618556701031,229.8659793814433,151.3298969072165,139.28865979381445"
559,569,580,560,lean forward,"256.0618556701031,229.8659793814433,151.3298969072165,139.28865979381445"
560,569,580,560,lean forward,"256.0618556701031,229.8659793814433,151.3298969072165,139.28865979381445"
560,569,580,560,lean forward,"256.0618556701031,229.8659793814433,151.3298969072165,139.28865979381445"
561,569,580,560,lean forward,"256.0618556701031,229.8659793814433,151.3298969072165,139.28865979381445"
562,569,580,560,lean forward,"256.0618556701031,229.8659793814433,151.3298969072165,139.28865979381445"
562,568,580,560,lean forward,"256.0618556701031,229.8659793814433,151.3298969072165,139.28865979381445"
562,568,580,560,lean forward,"256.0618556701031,229.8659793814433,151.3298969072165,139.28865979381445"
562,567,580,559,lean forward,"256.0618556701031,229.8659793814433,151.3298969072165,139.28865979381445"
562,566,581,559,lean forward,"256.0618556701031,229.8659793814433,151.3298969072165,139.28865979381445"
562,566,581,558,lean forward,"256.0618556701031,229.8659793814433,151.3298969072165,139.28865979381445"
561,566,580,557,lean forward,"256.0618556701031,229.8659793814433,151.3298969072165,139.28865979381445"
561,566,581,556,lean forward,"256.0618556701031,229.8659793814433,151.3298969072165,139.28865979381445"
560,565,580,554,lean forward,"256.0618556701031,229.8659793814433,151.3298969072165,139.28865979381445"
561,565,580,553,lean forward,"256.0618556701031,229.8659793814433,151.3298969072165,139.28865979381445"
560,565,580,552,lean forward,"256.0618556701031,229.8659793814433,151.3298969072165,139.28865979381445"
560,565,580,552,lean forward,"256.0618556701031,229.8659793814433,151.3298969072165,139.28865979381445"
559,566,579,551,lean forward,"256.0618556701031,229.8659793814433,151.3298969072165,139.28865979381445"
559,566,580,552,lean forward,"256.0618556701031,229.8659793814433,151.3298969072165,139.28865979381445"
557,566,580,552,lean forward,"256.0618556701031,229.8659793814433,151.3298969072165,139.28865979381445"
555,566,579,552,lean forward,"256.0618556701031,229.8659793814433,151.3298969072165,139.28865979381445"
552,565,579,551,lean forward,"256.0618556701031,229.8659793814433,151.3298969072165,139.28865979381445"
551,566,579,551,lean forward,"256.0618556701031,229.8659793814433,151.3298969072165,139.28865979381445"
551,566,579,551,lean forward,"256.0618556701031,229.8659793814433,151.3298969072165,139.28865979381445"
551,566,579,551,lean forward,"256.0618556701031,229.8659793814433,151.3298969072165,139.28865979381445"
552,566,579,552,lean forward,"256.0618556701031,229.8659793814433,151.3298969072165,139.28865979381445"
552,564,580,552,lean forward,"256.0618556701031,229.8659793814433,151.3298969072165,139.28865979381445"
551,563,580,552,lean forward,"256.0618556701031,229.8659793814433,151.3298969072165,139.28865979381445"
550,561,580,552,lean forward,"256.0618556701031,229.8659793814433,151.3298969072165,139.28865979381445"
550,560,580,552,lean forward,"256.0618556701031,229.8659793814433,151.3298969072165,139.28865979381445"
550,560,580,552,lean forward,"256.0618556701031,229.8659793814433,151.3298969072165,139.28865979381445"
550,559,580,552,lean forward,"256.0618556701031,229.8659793814433,151.3298969072165,139.28865979381445"
550,559,580,552,lean forward,"256.0618556701031,229.8659793814433,151.3298969072165,139.28865979381445"
551,559,580,552,lean forward,"256.0618556701031,229.8659793814433,151.3298969072165,139.28865979381445"
552,559,580,551,lean forward,"256.0618556701031,229.8659793814433,151.3298969072165,139.28865979381445"
551,560,580,551,lean forward,"256.0618556701031,229.8659793814433,151.3298969072165,139.28865979381445"
551,560,580,551,lean forward,"256.0618556701031,229.8659793814433,151.3298969072165,139.28865979381445"
550,560,580,551,lean forward,"256.0618556701031,229.8659793814433,151.3298969072165,139.28865979381445"
548,560,580,552,lean forward,"256.0618556701031,229.8659793814433,151.3298969072165,139.28865979381445"
546,560,581,552,lean forward,"256.0618556701031,229.8659793814433,151.3298969072165,139.28865979381445"
543,561,580,552,lean forward,"256.0618556701031,229.8659793814433,151.3298969072165,139.28865979381445"
542,560,580,552,lean forward,"256.0618556701031,229.8659793814433,151.3298969072165,139.28865979381445"
543,560,580,552,lean forward,"256.0618556701031,229.8659793814433,151.3298969072165,139.28865979381445"
543,561,580,552,lean forward,"256.0618556701031,229.8659793814433,151.3298969072165,139.28865979381445"
543,560,580,552,lean forward,"256.0618556701031,229.8659793814433,151.3298969072165,139.28865979381445"
544,561,580,552,lean forward,"256.0618556701031,229.8659793814433,151.3298969072165,139.28865979381445"
544,560,581,552,lean forward,"256.0618556701031,229.8659793814433,151.3298969072165,139.28865979381445"
544,561,581,553,lean forward,"256.0618556701031,229.8659793814433,151.3298969072165,139.28865979381445"
545,561,581,552,lean forward,"256.0618556701031,229.8659793814433,151.3298969072165,139.28865979381445"
546,560,581,552,lean forward,"256.0618556701031,229.8659793814433,151.3298969072165,139.28865979381445"
545,560,581,553,lean forward,"256.0618556701031,229.8659793814433,151.3298969072165,139.28865979381445"
546,560,581,553,lean forward,"256.0618556701031,229.8659793814433,151.3298969072165,139.28865979381445"
546,560,581,553,lean forward,"256.0618556701031,229.8659793814433,151.3298969072165,139.28865979381445"
546,561,581,553,lean forward,"256.0618556701031,229.8659793814433,151.3298969072165,139.28865979381445"
545,561,581,553,lean forward,"256.0618556701031,229.8659793814433,151.3298969072165,139.28865979381445"
546,561,581,552,lean forward,"256.0618556701031,229.8659793814433,151.3298969072165,139.28865979381445"
548,560,580,552,lean forward,"256.0618556701031,229.8659793814433,151.3298969072165,139.28865979381445"
548,560,580,551,lean forward,"256.0618556701031,229.8659793814433,151.3298969072165,139.28865979381445"
547,559,579,551,lean forward,"256.0618556701031,229.8659793814433,151.3298969072165,139.28865979381445"
547,559,579,551,lean forward,"256.0618556701031,229.8659793814433,151.3298969072165,139.28865979381445"
546,560,579,551,lean forward,"256.0618556701031,229.8659793814433,151.3298969072165,139.28865979381445"
547,560,579,551,lean forward,"256.0618556701031,229.8659793814433,151.3298969072165,139.28865979381445"
547,560,578,551,lean forward,"256.0618556701031,229.8659793814433,151.3298969072165,139.28865979381445"
547,560,578,551,lean forward,"256.0618556701031,229.8659793814433,151.3298969072165,139.28865979381445"
548,560,578,551,lean forward,"256.0618556701031,229.8659793814433,151.3298969072165,139.28865979381445"
548,560,578,551,lean forward,"256.0618556701031,229.8659793814433,151.3298969072165,139.28865979381445"
548,560,579,551,lean forward,"256.0618556701031,229.8659793814433,151.3298969072165,139.28865979381445"
547,560,579,550,lean forward,"256.0618556701031,229.8659793814433,151.3298969072165,139.28865979381445"
546,561,580,550,lean forward,"256.0618556701031,229.8659793814433,151.3298969072165,139.28865979381445"
542,560,580,550,lean forward,"256.0618556701031,229.8659793814433,151.3298969072165,139.28865979381445"
540,559,581,550,lean forward,"256.0618556701031,229.8659793814433,151.3298969072165,139.28865979381445"
539,557,581,550,lean forward,"256.0618556701031,229.8659793814433,151.3298969072165,139.28865979381445"
537,556,579,550,lean forward,"256.0618556701031,229.8659793814433,151.3298969072165,139.28865979381445"
539,558,578,548,lean forward,"256.0618556701031,229.8659793814433,151.3298969072165,139.28865979381445"
541,558,577,548,lean forward,"256.0618556701031,229.8659793814433,151.3298969072165,139.28865979381445"
542,559,577,548,lean forward,"256.0618556701031,229.8659793814433,151.3298969072165,139.28865979381445"
544,559,577,548,lean forward,"256.0618556701031,229.8659793814433,151.3298969072165,139.28865979381445"
545,560,577,547,lean forward,"256.0618556701031,229.8659793814433,151.3298969072165,139.28865979381445"
544,560,576,547,lean forward,"256.0618556701031,229.8659793814433,151.3298969072165,139.28865979381445"
542,559,576,546,lean forward,"256.0618556701031,229.8659793814433,151.3298969072165,139.28865979381445"
542,560,575,546,lean forward,"256.0618556701031,229.8659793814433,151.3298969072165,139.28865979381445"
542,560,575,547,lean forward,"256.0618556701031,229.8659793814433,151.3298969072165,139.28865979381445"
543,560,575,547,lean forward,"256.0618556701031,229.8659793814433,151.3298969072165,139.28865979381445"
543,561,575,547,lean forward,"256.0618556701031,229.8659793814433,151.3298969072165,139.28865979381445"
544,563,575,547,lean forward,"256.0618556701031,229.8659793814433,151.3298969072165,139.28865979381445"
543,566,575,547,lean forward,"256.0618556701031,229.8659793814433,151.3298969072165,139.28865979381445"
543,566,575,547,lean forward,"256.0618556701031,229.8659793814433,151.3298969072165,139.28865979381445"
543,566,575,548,lean forward,"256.0618556701031,229.8659793814433,151.3298969072165,139.28865979381445"
543,567,575,548,lean forward,"256.0618556701031,229.8659793814433,151.3298969072165,139.28865979381445"
543,567,575,548,lean forward,"256.0618556701031,229.8659793814433,151.3298969072165,139.28865979381445"
543,567,576,548,lean forward,"256.0618556701031,229.8659793814433,151.3298969072165,139.28865979381445"
542,566,575,549,lean forward,"256.0618556701031,229.8659793814433,151.3298969072165,139.28865979381445"
542,565,575,549,lean forward,"256.0618556701031,229.8659793814433,151.3298969072165,139.28865979381445"
542,564,576,549,lean forward,"256.0618556701031,229.8659793814433,151.3298969072165,139.28865979381445"
542,563,576,549,lean forward,"256.0618556701031,229.8659793814433,151.3298969072165,139.28865979381445"
542,563,576,549,lean forward,"256.0618556701031,229.8659793814433,151.3298969072165,139.28865979381445"
542,562,576,549,lean forward,"256.0618556701031,229.8659793814433,151.3298969072165,139.28865979381445"
542,561,576,549,lean forward,"256.0618556701031,229.8659793814433,151.3298969072165,139.28865979381445"
542,562,576,549,lean forward,"256.0618556701031,229.8659793814433,151.3298969072165,139.28865979381445"
543,562,576,549,lean forward,"256.0618556701031,229.8659793814433,151.3298969072165,139.28865979381445"
543,562,576,549,lean forward,"256.0618556701031,229.8659793814433,151.3298969072165,139.28865979381445"
542,562,576,549,lean forward,"256.0618556701031,229.8659793814433,151.3298969072165,139.28865979381445"
541,562,576,549,lean forward,"256.0618556701031,229.8659793814433,151.3298969072165,139.28865979381445"
541,562,577,549,lean forward,"256.0618556701031,229.8659793814433,151.3298969072165,139.28865979381445"
541,562,577,549,lean forward,"256.0618556701031,229.8659793814433,151.3298969072165,139.28865979381445"
541,562,577,550,lean forward,"256.0618556701031,229.8659793814433,151.3298969072165,139.28865979381445"
541,562,577,550,lean forward,"256.0618556701031,229.8659793814433,151.3298969072165,139.28865979381445"
542,563,577,550,lean forward,"256.0618556701031,229.8659793814433,151.3298969072165,139.28865979381445"
542,562,577,550,lean forward,"256.0618556701031,229.8659793814433,151.3298969072165,139.28865979381445"
542,563,577,550,lean forward,"256.0618556701031,229.8659793814433,151.3298969072165,139.28865979381445"
541,562,577,550,lean forward,"256.0618556701031,229.8659793814433,151.3298969072165,139.28865979381445"
541,562,577,550,lean forward,"256.0618556701031,229.8659793814433,151.3298969072165,139.28865979381445"
540,562,577,550,lean forward,"256.0618556701031,229.8659793814433,151.3298969072165,139.28865979381445"
538,562,577,550,lean forward,"256.0618556701031,229.8659793814433,151.3298969072165,139.28865979381445"
537,562,577,550,lean forward,"256.0618556701031,229.8659793814433,151.3298969072165,139.28865979381445"
538,562,577,549,lean forward,"256.0618556701031,229.8659793814433,151.3298969072165,139.28865979381445"
538,562,577,550,lean forward,"256.0618556701031,229.8659793814433,151.3298969072165,139.28865979381445"
538,562,577,550,lean forward,"256.0618556701031,229.8659793814433,151.3298969072165,139.28865979381445"
540,562,577,550,lean forward,"256.0618556701031,229.8659793814433,151.3298969072165,139.28865979381445"
539,562,577,550,lean forward,"256.0618556701031,229.8659793814433,151.3298969072165,139.28865979381445"
539,562,577,550,lean forward,"256.0618556701031,229.8659793814433,151.3298969072165,139.28865979381445"
539,562,577,551,lean forward,"256.0618556701031,229.8659793814433,151.3298969072165,139.28865979381445"
539,562,577,550,lean forward,"256.0618556701031,229.8659793814433,151.3298969072165,139.28865979381445"
539,563,578,550,lean forward,"256.0618556701031,229.8659793814433,151.3298969072165,139.28865979381445"
539,562,577,550,lean forward,"256.0618556701031,229.8659793814433,151.3298969072165,139.28865979381445"
539,562,578,550,lean forward,"256.0618556701031,229.8659793814433,151.3298969072165,139.28865979381445"
539,562,577,551,lean forward,"256.0618556701031,229.8659793814433,151.3298969072165,139.28865979381445"
539,562,578,550,lean forward,"256.0618556701031,229.8659793814433,151.3298969072165,139.28865979381445"
540,562,578,550,lean forward,"256.0618556701031,229.8659793814433,151.3298969072165,139.28865979381445"
540,562,578,550,lean forward,"256.0618556701031,229.8659793814433,151.3298969072165,139.28865979381445"
540,562,578,550,lean forward,"256.0618556701031,229.8659793814433,151.3298969072165,139.28865979381445"
541,562,578,550,lean forward,"256.0618556701031,229.8659793814433,151.3298969072165,139.28865979381445"
541,561,578,550,lean forward,"256.0618556701031,229.8659793814433,151.3298969072165,139.28865979381445"
541,561,578,550,lean forward,"256.0618556701031,229.8659793814433,151.3298969072165,139.28865979381445"
541,561,578,550,lean forward,"256.0618556701031,229.8659793814433,151.3298969072165,139.28865979381445"
541,561,578,550,lean forward,"256.0618556701031,229.8659793814433,151.3298969072165,139.28865979381445"
541,561,578,550,lean forward,"256.0618556701031,229.8659793814433,151.3298969072165,139.28865979381445"
541,562,578,550,lean forward,"256.0618556701031,229.8659793814433,151.3298969072165,139.28865979381445"
541,562,578,550,lean forward,"256.0618556701031,229.8659793814433,151.3298969072165,139.28865979381445"
541,561,578,550,lean forward,"256.0618556701031,229.8659793814433,151.3298969072165,139.28865979381445"
542,561,577,550,lean forward,"256.0618556701031,229.8659793814433,151.3298969072165,139.28865979381445"
542,560,577,550,lean forward,"256.0618556701031,229.8659793814433,151.3298969072165,139.28865979381445"
541,561,577,550,lean forward,"256.0618556701031,229.8659793814433,151.3298969072165,139.28865979381445"
542,560,577,550,lean forward,"256.0618556701031,229.8659793814433,151.3298969072165,139.28865979381445"
541,561,577,550,lean forward,"256.0618556701031,229.8659793814433,151.3298969072165,139.28865979381445"
542,560,577,550,lean forward,"256.0618556701031,229.8659793814433,151.3298969072165,139.28865979381445"
542,561,577,550,lean forward,"256.0618556701031,229.8659793814433,151.3298969072165,139.28865979381445"
542,560,577,550,lean forward,"256.0618556701031,229.8659793814433,151.3298969072165,139.28865979381445"
543,559,577,550,lean forward,"256.0618556701031,229.8659793814433,151.3298969072165,139.28865979381445"
542,560,577,550,lean forward,"256.0618556701031,229.8659793814433,151.3298969072165,139.28865979381445"
542,560,577,550,lean forward,"256.0618556701031,229.8659793814433,151.3298969072165,139.28865979381445"
543,561,577,550,lean forward,"256.0618556701031,229.8659793814433,151.3298969072165,139.28865979381445"
543,560,577,550,lean forward,"256.0618556701031,229.8659793814433,151.3298969072165,139.28865979381445"
543,560,578,550,lean forward,"256.0618556701031,229.8659793814433,151.3298969072165,139.28865979381445"
543,560,578,551,lean forward,"256.0618556701031,229.8659793814433,151.3298969072165,139.28865979381445"
543,560,578,551,lean forward,"256.0618556701031,229.8659793814433,151.3298969072165,139.28865979381445"
543,560,578,551,lean forward,"256.0618556701031,229.8659793814433,151.3298969072165,139.28865979381445"
544,561,578,550,lean forward,"256.0618556701031,229.8659793814433,151.3298969072165,139.28865979381445"
544,560,578,550,lean forward,"256.0618556701031,229.8659793814433,151.3298969072165,139.28865979381445"
545,561,578,551,lean forward,"256.0618556701031,229.8659793814433,151.3298969072165,139.28865979381445"
544,561,578,551,lean forward,"256.0618556701031,229.8659793814433,151.3298969072165,139.28865979381445"
544,561,578,551,lean forward,"256.0618556701031,229.8659793814433,151.3298969072165,139.28865979381445"
542,560,578,551,lean forward,"256.0618556701031,229.8659793814433,151.3298969072165,139.28865979381445"
541,558,578,550,lean forward,"256.0618556701031,229.8659793814433,151.3298969072165,139.28865979381445"
543,559,577,549,lean forward,"256.0618556701031,229.8659793814433,151.3298969072165,139.28865979381445"
545,560,577,548,lean forward,"256.0618556701031,229.8659793814433,151.3298969072165,139.28865979381445"
546,561,577,548,lean forward,"256.0618556701031,229.8659793814433,151.3298969072165,139.28865979381445"
546,561,577,548,lean forward,"256.0618556701031,229.8659793814433,151.3298969072165,139.28865979381445"
545,560,578,549,lean forward,"256.0618556701031,229.8659793814433,151.3298969072165,139.28865979381445"
542,558,578,550,lean forward,"256.0618556701031,229.8659793814433,151.3298969072165,139.28865979381445"
539,556,578,549,lean forward,"256.0618556701031,229.8659793814433,151.3298969072165,139.28865979381445"
539,556,577,549,lean forward,"256.0618556701031,229.8659793814433,151.3298969072165,139.28865979381445"
539,554,577,549,lean forward,"256.0618556701031,229.8659793814433,151.3298969072165,139.28865979381445"
540,554,577,549,lean forward,"256.0618556701031,229.8659793814433,151.3298969072165,139.28865979381445"
541,554,577,548,lean forward,"256.0618556701031,229.8659793814433,151.3298969072165,139.28865979381445"
541,554,577,548,lean forward,"256.0618556701031,229.8659793814433,151.3298969072165,139.28865979381445"
542,554,577,548,lean forward,"256.0618556701031,229.8659793814433,151.3298969072165,139.28865979381445"
542,554,577,549,lean forward,"256.0618556701031,229.8659793814433,151.3298969072165,139.28865979381445"
538,554,578,549,lean forward,"256.0618556701031,229.8659793814433,151.3298969072165,139.28865979381445"
536,554,578,548,lean forward,"256.0618556701031,229.8659793814433,151.3298969072165,139.28865979381445"
535,554,578,548,lean forward,"256.0618556701031,229.8659793814433,151.3298969072165,139.28865979381445"
536,555,578,548,lean forward,"256.0618556701031,229.8659793814433,151.3298969072165,139.28865979381445"
536,555,578,549,lean forward,"256.0618556701031,229.8659793814433,151.3298969072165,139.28865979381445"
537,555,579,549,lean forward,"256.0618556701031,229.8659793814433,151.3298969072165,139.28865979381445"
536,554,578,549,lean forward,"256.0618556701031,229.8659793814433,151.3298969072165,139.28865979381445"
536,553,578,549,lean forward,"256.0618556701031,229.8659793814433,151.3298969072165,139.28865979381445"
535,554,578,549,lean forward,"256.0618556701031,229.8659793814433,151.3298969072165,139.28865979381445"
536,554,578,549,lean forward,"256.0618556701031,229.8659793814433,151.3298969072165,139.28865979381445"
535,554,578,549,lean forward,"256.0618556701031,229.8659793814433,151.3298969072165,139.28865979381445"
535,554,578,549,lean forward,"256.0618556701031,229.8659793814433,151.3298969072165,139.28865979381445"
536,555,579,549,lean forward,"256.0618556701031,229.8659793814433,151.3298969072165,139.28865979381445"
536,555,578,550,lean forward,"256.0618556701031,229.8659793814433,151.3298969072165,139.28865979381445"
532,554,578,550,lean forward,"256.0618556701031,229.8659793814433,151.3298969072165,139.28865979381445"
531,553,578,550,lean forward,"256.0618556701031,229.8659793814433,151.3298969072165,139.28865979381445"
532,553,578,549,lean forward,"256.0618556701031,229.8659793814433,151.3298969072165,139.28865979381445"
541,553,578,548,lean forward,"256.0618556701031,229.8659793814433,151.3298969072165,139.28865979381445"
544,553,577,548,lean forward,"256.0618556701031,229.8659793814433,151.3298969072165,139.28865979381445"
545,553,578,548,lean forward,"256.0618556701031,229.8659793814433,151.3298969072165,139.28865979381445"
544,553,578,549,lean forward,"256.0618556701031,229.8659793814433,151.3298969072165,139.28865979381445"
540,553,578,549,lean forward,"256.0618556701031,229.8659793814433,151.3298969072165,139.28865979381445"
538,553,578,549,lean forward,"256.0618556701031,229.8659793814433,151.3298969072165,139.28865979381445"
538,552,578,550,lean forward,"256.0618556701031,229.8659793814433,151.3298969072165,139.28865979381445"
538,553,578,550,lean forward,"256.0618556701031,229.8659793814433,151.3298969072165,139.28865979381445"
539,553,578,550,lean forward,"256.0618556701031,229.8659793814433,151.3298969072165,139.28865979381445"
539,553,578,550,lean forward,"256.0618556701031,229.8659793814433,151.3298969072165,139.28865979381445"
539,553,578,550,lean forward,"256.0618556701031,229.8659793814433,151.3298969072165,139.28865979381445"
539,553,578,550,lean forward,"256.0618556701031,229.8659793814433,151.3298969072165,139.28865979381445"
539,553,578,550,lean forward,"256.0618556701031,229.8659793814433,151.3298969072165,139.28865979381445"
539,553,579,550,lean forward,"256.0618556701031,229.8659793814433,151.3298969072165,139.28865979381445"
539,553,578,550,lean forward,"256.0618556701031,229.8659793814433,151.3298969072165,139.28865979381445"
539,553,579,551,lean forward,"256.0618556701031,229.8659793814433,151.3298969072165,139.28865979381445"
539,553,579,550,lean forward,"256.0618556701031,229.8659793814433,151.3298969072165,139.28865979381445"
539,553,579,550,lean forward,"256.0618556701031,229.8659793814433,151.3298969072165,139.28865979381445"
539,553,579,550,lean forward,"256.0618556701031,229.8659793814433,151.3298969072165,139.28865979381445"
539,553,579,550,lean forward,"256.0618556701031,229.8659793814433,151.3298969072165,139.28865979381445"
538,554,579,550,lean forward,"256.0618556701031,229.8659793814433,151.3298969072165,139.28865979381445"
538,553,579,550,lean forward,"256.0618556701031,229.8659793814433,151.3298969072165,139.28865979381445"
538,553,579,550,lean forward,"256.0618556701031,229.8659793814433,151.3298969072165,139.28865979381445"
538,554,579,550,lean forward,"256.0618556701031,229.8659793814433,151.3298969072165,139.28865979381445"
539,554,579,550,lean forward,"256.0618556701031,229.8659793814433,151.3298969072165,139.28865979381445"
539,554,579,551,lean forward,"256.0618556701031,229.8659793814433,151.3298969072165,139.28865979381445"
538,554,579,551,lean forward,"256.0618556701031,229.8659793814433,151.3298969072165,139.28865979381445"
537,553,579,551,lean forward,"256.0618556701031,229.8659793814433,151.3298969072165,139.28865979381445"
535,553,579,551,lean forward,"256.0618556701031,229.8659793814433,151.3298969072165,139.28865979381445"
535,553,579,551,lean forward,"256.0618556701031,229.8659793814433,151.3298969072165,139.28865979381445"
536,553,579,551,lean forward,"256.0618556701031,229.8659793814433,151.3298969072165,139.28865979381445"
537,553,579,551,lean forward,"256.0618556701031,229.8659793814433,151.3298969072165,139.28865979381445"
537,553,580,551,lean forward,"256.0618556701031,229.8659793814433,151.3298969072165,139.28865979381445"
537,553,580,551,lean forward,"256.0618556701031,229.8659793814433,151.3298969072165,139.28865979381445"
538,554,580,551,lean forward,"256.0618556701031,229.8659793814433,151.3298969072165,139.28865979381445"
537,554,580,550,lean forward,"256.0618556701031,229.8659793814433,151.3298969072165,139.28865979381445"
537,554,580,550,lean forward,"256.0618556701031,229.8659793814433,151.3298969072165,139.28865979381445"
537,554,580,550,lean forward,"256.0618556701031,229.8659793814433,151.3298969072165,139.28865979381445"
537,554,580,550,lean forward,"256.0618556701031,229.8659793814433,151.3298969072165,139.28865979381445"
537,554,580,550,lean forward,"256.0618556701031,229.8659793814433,151.3298969072165,139.28865979381445"
537,554,580,550,lean forward,"256.0618556701031,229.8659793814433,151.3298969072165,139.28865979381445"
538,554,580,550,lean forward,"256.0618556701031,229.8659793814433,151.3298969072165,139.28865979381445"
538,554,580,550,lean forward,"256.0618556701031,229.8659793814433,151.3298969072165,139.28865979381445"
537,553,580,550,lean forward,"256.0618556701031,229.8659793814433,151.3298969072165,139.28865979381445"
537,554,580,550,lean forward,"256.0618556701031,229.8659793814433,151.3298969072165,139.28865979381445"
538,554,580,550,lean forward,"256.0618556701031,229.8659793814433,151.3298969072165,139.28865979381445"
538,554,579,550,lean forward,"256.0618556701031,229.8659793814433,151.3298969072165,139.28865979381445"
538,554,579,550,lean forward,"256.0618556701031,229.8659793814433,151.3298969072165,139.28865979381445"
537,554,580,550,lean forward,"256.0618556701031,229.8659793814433,151.3298969072165,139.28865979381445"
536,553,580,550,lean forward,"256.0618556701031,229.8659793814433,151.3298969072165,139.28865979381445"
534,553,580,550,lean forward,"256.0618556701031,229.8659793814433,151.3298969072165,139.28865979381445"
534,553,580,550,lean forward,"256.0618556701031,229.8659793814433,151.3298969072165,139.28865979381445"
534,553,580,551,lean forward,"256.0618556701031,229.8659793814433,151.3298969072165,139.28865979381445"
535,554,581,550,lean forward,"256.0618556701031,229.8659793814433,151.3298969072165,139.28865979381445"
535,554,580,550,lean forward,"256.0618556701031,229.8659793814433,151.3298969072165,139.28865979381445"
535,553,579,550,lean forward,"256.0618556701031,229.8659793814433,151.3298969072165,139.28865979381445"
534,553,579,550,lean forward,"256.0618556701031,229.8659793814433,151.3298969072165,139.28865979381445"
533,552,579,550,lean forward,"256.0618556701031,229.8659793814433,151.3298969072165,139.28865979381445"
535,552,579,550,lean forward,"256.0618556701031,229.8659793814433,151.3298969072165,139.28865979381445"
535,552,579,550,lean forward,"256.0618556701031,229.8659793814433,151.3298969072165,139.28865979381445"
536,552,579,551,lean forward,"256.0618556701031,229.8659793814433,151.3298969072165,139.28865979381445"
536,553,579,550,lean forward,"256.0618556701031,229.8659793814433,151.3298969072165,139.28865979381445"
536,553,579,550,lean forward,"256.0618556701031,229.8659793814433,151.3298969072165,139.28865979381445"
536,553,579,551,lean forward,"256.0618556701031,229.8659793814433,151.3298969072165,139.28865979381445"
536,553,579,551,lean forward,"256.0618556701031,229.8659793814433,151.3298969072165,139.28865979381445"
536,553,579,551,lean forward,"256.0618556701031,229.8659793814433,151.3298969072165,139.28865979381445"
536,553,580,551,lean forward,"256.0618556701031,229.8659793814433,151.3298969072165,139.28865979381445"
536,553,579,551,lean forward,"256.0618556701031,229.8659793814433,151.3298969072165,139.28865979381445"
535,553,579,551,lean forward,"256.0618556701031,229.8659793814433,151.3298969072165,139.28865979381445"
534,553,580,551,lean forward,"256.0618556701031,229.8659793814433,151.3298969072165,139.28865979381445"
533,553,580,551,lean forward,"256.0618556701031,229.8659793814433,151.3298969072165,139.28865979381445"
532,553,580,551,lean forward,"256.0618556701031,229.8659793814433,151.3298969072165,139.28865979381445"
533,553,580,551,lean forward,"256.0618556701031,229.8659793814433,151.3298969072165,139.28865979381445"
533,553,580,551,lean forward,"256.0618556701031,229.8659793814433,151.3298969072165,139.28865979381445"
534,553,581,551,lean forward,"256.0618556701031,229.8659793814433,151.3298969072165,139.28865979381445"
534,553,580,551,lean forward,"256.0618556701031,229.8659793814433,151.3298969072165,139.28865979381445"
534,553,580,551,lean forward,"256.0618556701031,229.8659793814433,151.3298969072165,139.28865979381445"
533,553,580,551,lean forward,"256.0618556701031,229.8659793814433,151.3298969072165,139.28865979381445"
532,553,580,551,lean forward,"256.0618556701031,229.8659793814433,151.3298969072165,139.28865979381445"
532,553,580,551,lean forward,"256.0618556701031,229.8659793814433,151.3298969072165,139.28865979381445"
533,552,581,551,lean forward,"256.0618556701031,229.8659793814433,151.3298969072165,139.28865979381445"
533,553,580,551,lean forward,"256.0618556701031,229.8659793814433,151.3298969072165,139.28865979381445"
533,553,580,551,lean forward,"256.0618556701031,229.8659793814433,151.3298969072165,139.28865979381445"
533,553,581,551,lean forward,"256.0618556701031,229.8659793814433,151.3298969072165,139.28865979381445"
534,553,581,551,lean forward,"256.0618556701031,229.8659793814433,151.3298969072165,139.28865979381445"
533,553,581,551,lean forward,"256.0618556701031,229.8659793814433,151.3298969072165,139.28865979381445"
533,553,581,551,lean forward,"256.0618556701031,229.8659793814433,151.3298969072165,139.28865979381445"
534,554,581,551,lean forward,"256.0618556701031,229.8659793814433,151.3298969072165,139.28865979381445"
533,554,581,551,lean forward,"256.0618556701031,229.8659793814433,151.3298969072165,139.28865979381445"
533,553,581,551,lean forward,"256.0618556701031,229.8659793814433,151.3298969072165,139.28865979381445"
532,552,581,551,lean forward,"256.0618556701031,229.8659793814433,151.3298969072165,139.28865979381445"
532,553,581,551,lean forward,"256.0618556701031,229.8659793814433,151.3298969072165,139.28865979381445"
532,553,581,551,lean forward,"256.0618556701031,229.8659793814433,151.3298969072165,139.28865979381445"
532,553,581,551,lean forward,"256.0618556701031,229.8659793814433,151.3298969072165,139.28865979381445"
532,553,581,551,lean forward,"256.0618556701031,229.8659793814433,151.3298969072165,139.28865979381445"
532,553,581,551,lean forward,"256.0618556701031,229.8659793814433,151.3298969072165,139.28865979381445"
533,553,581,551,lean forward,"256.0618556701031,229.8659793814433,151.3298969072165,139.28865979381445"
532,553,581,551,lean forward,"256.0618556701031,229.8659793814433,151.3298969072165,139.28865979381445"
532,553,581,551,lean forward,"256.0618556701031,229.8659793814433,151.3298969072165,139.28865979381445"
533,553,581,552,lean forward,"256.0618556701031,229.8659793814433,151.3298969072165,139.28865979381445"
533,553,581,552,lean forward,"256.0618556701031,229.8659793814433,151.3298969072165,139.28865979381445"
533,553,581,551,lean forward,"256.0618556701031,229.8659793814433,151.3298969072165,139.28865979381445"
533,553,581,552,lean forward,"256.0618556701031,229.8659793814433,151.3298969072165,139.28865979381445"
533,553,581,552,lean forward,"256.0618556701031,229.8659793814433,151.3298969072165,139.28865979381445"
533,553,581,552,lean forward,"256.0618556701031,229.8659793814433,151.3298969072165,139.28865979381445"
533,553,581,552,lean forward,"256.0618556701031,229.8659793814433,151.3298969072165,139.28865979381445"
533,553,581,552,lean forward,"256.0618556701031,229.8659793814433,151.3298969072165,139.28865979381445"
534,553,581,552,lean forward,"256.0618556701031,229.8659793814433,151.3298969072165,139.28865979381445"
533,554,581,552,lean forward,"256.0618556701031,229.8659793814433,151.3298969072165,139.28865979381445"
534,553,581,552,lean forward,"256.0618556701031,229.8659793814433,151.3298969072165,139.28865979381445"
534,553,581,552,lean forward,"256.0618556701031,229.8659793814433,151.3298969072165,139.28865979381445"
534,553,581,552,lean forward,"256.0618556701031,229.8659793814433,151.3298969072165,139.28865979381445"
534,553,581,552,lean forward,"256.0618556701031,229.8659793814433,151.3298969072165,139.28865979381445"
534,553,581,552,lean forward,"256.0618556701031,229.8659793814433,151.3298969072165,139.28865979381445"
534,554,581,552,lean forward,"256.0618556701031,229.8659793814433,151.3298969072165,139.28865979381445"
534,553,581,552,lean forward,"256.0618556701031,229.8659793814433,151.3298969072165,139.28865979381445"
534,553,581,552,lean forward,"256.0618556701031,229.8659793814433,151.3298969072165,139.28865979381445"
534,553,581,552,lean forward,"256.0618556701031,229.8659793814433,151.3298969072165,139.28865979381445"
534,553,581,552,lean forward,"256.0618556701031,229.8659793814433,151.3298969072165,139.28865979381445"
534,553,581,552,lean forward,"256.0618556701031,229.8659793814433,151.3298969072165,139.28865979381445"
534,553,581,552,lean forward,"256.0618556701031,229.8659793814433,151.3298969072165,139.28865979381445"
534,553,581,552,lean forward,"256.0618556701031,229.8659793814433,151.3298969072165,139.28865979381445"
534,553,581,552,lean forward,"256.0618556701031,229.8659793814433,151.3298969072165,139.28865979381445"
534,553,581,552,lean forward,"256.0618556701031,229.8659793814433,151.3298969072165,139.28865979381445"
534,553,581,552,lean forward,"256.0618556701031,229.8659793814433,151.3298969072165,139.28865979381445"
534,553,581,552,lean forward,"256.0618556701031,229.8659793814433,151.3298969072165,139.28865979381445"
534,553,581,552,lean forward,"256.0618556701031,229.8659793814433,151.3298969072165,139.28865979381445"
534,553,581,552,lean forward,"256.0618556701031,229.8659793814433,151.3298969072165,139.28865979381445"
534,553,581,552,lean forward,"256.0618556701031,229.8659793814433,151.3298969072165,139.28865979381445"
534,553,581,552,lean forward,"256.0618556701031,229.8659793814433,151.3298969072165,139.28865979381445"
534,553,581,552,lean forward,"256.0618556701031,229.8659793814433,151.3298969072165,139.28865979381445"
534,553,581,552,lean forward,"256.0618556701031,229.8659793814433,151.3298969072165,139.28865979381445"
534,553,581,552,lean forward,"256.0618556701031,229.8659793814433,151.3298969072165,139.28865979381445"
534,553,580,552,lean forward,"256.0618556701031,229.8659793814433,151.3298969072165,139.28865979381445"
534,553,580,552,lean forward,"256.0618556701031,229.8659793814433,151.3298969072165,139.28865979381445"
534,553,581,552,lean forward,"256.0618556701031,229.8659793814433,151.3298969072165,139.28865979381445"
534,553,581,552,lean forward,"256.0618556701031,229.8659793814433,151.3298969072165,139.28865979381445"
534,553,581,552,lean forward,"256.0618556701031,229.8659793814433,151.3298969072165,139.28865979381445"
534,553,580,552,lean forward,"256.0618556701031,229.8659793814433,151.3298969072165,139.28865979381445"
534,553,581,552,lean forward,"256.0618556701031,229.8659793814433,151.3298969072165,139.28865979381445"
534,553,580,552,lean forward,"256.0618556701031,229.8659793814433,151.3298969072165,139.28865979381445"
534,553,580,552,lean forward,"256.0618556701031,229.8659793814433,151.3298969072165,139.28865979381445"
534,553,581,552,lean forward,"256.0618556701031,229.8659793814433,151.3298969072165,139.28865979381445"
534,553,581,552,lean forward,"256.0618556701031,229.8659793814433,151.3298969072165,139.28865979381445"
535,554,581,552,lean forward,"256.0618556701031,229.8659793814433,151.3298969072165,139.28865979381445"
534,553,581,552,lean forward,"256.0618556701031,229.8659793814433,151.3298969072165,139.28865979381445"
534,554,580,552,lean forward,"256.0618556701031,229.8659793814433,151.3298969072165,139.28865979381445"
534,554,581,552,lean forward,"256.0618556701031,229.8659793814433,151.3298969072165,139.28865979381445"
534,554,581,552,lean forward,"256.0618556701031,229.8659793814433,151.3298969072165,139.28865979381445"
534,554,581,553,lean forward,"256.0618556701031,229.8659793814433,151.3298969072165,139.28865979381445"
534,554,581,552,lean forward,"256.0618556701031,229.8659793814433,151.3298969072165,139.28865979381445"
534,554,582,552,lean forward,"256.0618556701031,229.8659793814433,151.3298969072165,139.28865979381445"
534,554,581,552,lean forward,"256.0618556701031,229.8659793814433,151.3298969072165,139.28865979381445"
534,554,581,552,lean forward,"256.0618556701031,229.8659793814433,151.3298969072165,139.28865979381445"
534,554,581,552,lean forward,"256.0618556701031,229.8659793814433,151.3298969072165,139.28865979381445"
534,554,581,552,lean forward,"256.0618556701031,229.8659793814433,151.3298969072165,139.28865979381445"
534,554,581,552,lean forward,"256.0618556701031,229.8659793814433,151.3298969072165,139.28865979381445"
534,554,581,552,lean forward,"256.0618556701031,229.8659793814433,151.3298969072165,139.28865979381445"
535,554,581,552,lean forward,"256.0618556701031,229.8659793814433,151.3298969072165,139.28865979381445"
534,554,581,552,lean forward,"256.0618556701031,229.8659793814433,151.3298969072165,139.28865979381445"
534,554,581,552,lean forward,"256.0618556701031,229.8659793814433,151.3298969072165,139.28865979381445"
534,554,581,552,lean forward,"256.0618556701031,229.8659793814433,151.3298969072165,139.28865979381445"
534,554,581,553,lean forward,"256.0618556701031,229.8659793814433,151.3298969072165,139.28865979381445"
534,554,581,552,lean forward,"256.0618556701031,229.8659793814433,151.3298969072165,139.28865979381445"
534,554,581,552,lean forward,"256.0618556701031,229.8659793814433,151.3298969072165,139.28865979381445"
535,553,581,552,lean forward,"256.0618556701031,229.8659793814433,151.3298969072165,139.28865979381445"
535,555,581,552,lean forward,"256.0618556701031,229.8659793814433,151.3298969072165,139.28865979381445"
535,554,581,552,lean forward,"256.0618556701031,229.8659793814433,151.3298969072165,139.28865979381445"
535,554,581,552,lean forward,"256.0618556701031,229.8659793814433,151.3298969072165,139.28865979381445"
535,554,581,552,lean forward,"256.0618556701031,229.8659793814433,151.3298969072165,139.28865979381445"
535,554,581,552,lean forward,"256.0618556701031,229.8659793814433,151.3298969072165,139.28865979381445"
535,554,581,552,lean forward,"256.0618556701031,229.8659793814433,151.3298969072165,139.28865979381445"
535,554,581,552,lean forward,"256.0618556701031,229.8659793814433,151.3298969072165,139.28865979381445"
534,555,581,552,lean forward,"256.0618556701031,229.8659793814433,151.3298969072165,139.28865979381445"
534,554,581,552,lean forward,"256.0618556701031,229.8659793814433,151.3298969072165,139.28865979381445"
534,554,581,553,lean forward,"256.0618556701031,229.8659793814433,151.3298969072165,139.28865979381445"
535,554,582,553,lean forward,"256.0618556701031,229.8659793814433,151.3298969072165,139.28865979381445"
534,554,581,553,lean forward,"256.0618556701031,229.8659793814433,151.3298969072165,139.28865979381445"
534,554,581,552,lean forward,"256.0618556701031,229.8659793814433,151.3298969072165,139.28865979381445"
535,554,582,553,lean forward,"256.0618556701031,229.8659793814433,151.3298969072165,139.28865979381445"
535,554,582,553,lean forward,"256.0618556701031,229.8659793814433,151.3298969072165,139.28865979381445"
535,554,582,553,lean forward,"256.0618556701031,229.8659793814433,151.3298969072165,139.28865979381445"
535,555,582,553,lean forward,"256.0618556701031,229.8659793814433,151.3298969072165,139.28865979381445"
535,554,582,553,lean forward,"256.0618556701031,229.8659793814433,151.3298969072165,139.28865979381445"
535,554,582,553,lean forward,"256.0618556701031,229.8659793814433,151.3298969072165,139.28865979381445"
535,554,582,553,lean forward,"256.0618556701031,229.8659793814433,151.3298969072165,139.28865979381445"
535,554,582,553,lean forward,"256.0618556701031,229.8659793814433,151.3298969072165,139.28865979381445"
535,554,582,553,lean forward,"256.0618556701031,229.8659793814433,151.3298969072165,139.28865979381445"
535,554,582,553,lean forward,"256.0618556701031,229.8659793814433,151.3298969072165,139.28865979381445"
535,554,582,553,lean forward,"256.0618556701031,229.8659793814433,151.3298969072165,139.28865979381445"
535,554,582,553,lean forward,"256.0618556701031,229.8659793814433,151.3298969072165,139.28865979381445"
536,554,582,553,lean forward,"256.0618556701031,229.8659793814433,151.3298969072165,139.28865979381445"
535,554,582,553,lean forward,"256.0618556701031,229.8659793814433,151.3298969072165,139.28865979381445"
535,554,582,553,lean forward,"256.0618556701031,229.8659793814433,151.3298969072165,139.28865979381445"
535,554,582,553,lean forward,"256.0618556701031,229.8659793814433,151.3298969072165,139.28865979381445"
535,555,583,553,lean forward,"256.0618556701031,229.8659793814433,151.3298969072165,139.28865979381445"
535,554,582,553,lean forward,"256.0618556701031,229.8659793814433,151.3298969072165,139.28865979381445"
535,554,582,553,lean forward,"256.0618556701031,229.8659793814433,151.3298969072165,139.28865979381445"
535,554,582,553,lean forward,"256.0618556701031,229.8659793814433,151.3298969072165,139.28865979381445"
535,554,582,553,lean forward,"256.0618556701031,229.8659793814433,151.3298969072165,139.28865979381445"
535,554,583,553,lean forward,"256.0618556701031,229.8659793814433,151.3298969072165,139.28865979381445"
535,555,582,553,lean forward,"256.0618556701031,229.8659793814433,151.3298969072165,139.28865979381445"
535,554,582,553,lean forward,"256.0618556701031,229.8659793814433,151.3298969072165,139.28865979381445"
535,555,582,553,lean forward,"256.0618556701031,229.8659793814433,151.3298969072165,139.28865979381445"
535,555,582,553,lean forward,"256.0618556701031,229.8659793814433,151.3298969072165,139.28865979381445"
535,555,582,552,lean forward,"256.0618556701031,229.8659793814433,151.3298969072165,139.28865979381445"
535,555,583,553,lean forward,"256.0618556701031,229.8659793814433,151.3298969072165,139.28865979381445"
535,555,583,553,lean forward,"256.0618556701031,229.8659793814433,151.3298969072165,139.28865979381445"
535,555,583,553,lean forward,"256.0618556701031,229.8659793814433,151.3298969072165,139.28865979381445"
535,555,583,553,lean forward,"256.0618556701031,229.8659793814433,151.3298969072165,139.28865979381445"
536,555,583,553,lean forward,"256.0618556701031,229.8659793814433,151.3298969072165,139.28865979381445"
536,555,583,553,lean forward,"256.0618556701031,229.8659793814433,151.3298969072165,139.28865979381445"
536,555,583,553,lean forward,"256.0618556701031,229.8659793814433,151.3298969072165,139.28865979381445"
536,555,583,552,lean forward,"256.0618556701031,229.8659793814433,151.3298969072165,139.28865979381445"
536,555,583,552,lean forward,"256.0618556701031,229.8659793814433,151.3298969072165,139.28865979381445"
536,555,583,552,lean forward,"256.0618556701031,229.8659793814433,151.3298969072165,139.28865979381445"
536,555,584,553,lean forward,"256.0618556701031,229.8659793814433,151.3298969072165,139.28865979381445"
536,555,584,553,lean forward,"256.0618556701031,229.8659793814433,151.3298969072165,139.28865979381445"
536,555,583,552,lean forward,"256.0618556701031,229.8659793814433,151.3298969072165,139.28865979381445"
536,555,583,552,lean forward,"256.0618556701031,229.8659793814433,151.3298969072165,139.28865979381445"
536,555,583,552,lean forward,"256.0618556701031,229.8659793814433,151.3298969072165,139.28865979381445"
537,555,583,552,lean forward,"256.0618556701031,229.8659793814433,151.3298969072165,139.28865979381445"
536,555,583,553,lean forward,"256.0618556701031,229.8659793814433,151.3298969072165,139.28865979381445"
536,555,584,552,lean forward,"256.0618556701031,229.8659793814433,151.3298969072165,139.28865979381445"
536,555,583,552,lean forward,"256.0618556701031,229.8659793814433,151.3298969072165,139.28865979381445"
536,555,583,552,lean forward,"256.0618556701031,229.8659793814433,151.3298969072165,139.28865979381445"
537,555,583,552,lean forward,"256.0618556701031,229.8659793814433,151.3298969072165,139.28865979381445"
537,556,583,553,lean forward,"256.0618556701031,229.8659793814433,151.3298969072165,139.28865979381445"
536,556,584,553,lean forward,"256.0618556701031,229.8659793814433,151.3298969072165,139.28865979381445"
536,555,583,552,lean forward,"256.0618556701031,229.8659793814433,151.3298969072165,139.28865979381445"
536,555,583,552,lean forward,"256.0618556701031,229.8659793814433,151.3298969072165,139.28865979381445"
537,556,584,553,lean forward,"256.0618556701031,229.8659793814433,151.3298969072165,139.28865979381445"
536,556,584,553,lean forward,"256.0618556701031,229.8659793814433,151.3298969072165,139.28865979381445"
537,556,584,553,lean forward,"256.0618556701031,229.8659793814433,151.3298969072165,139.28865979381445"
536,555,583,552,lean forward,"256.0618556701031,229.8659793814433,151.3298969072165,139.28865979381445"
537,556,584,553,lean forward,"256.0618556701031,229.8659793814433,151.3298969072165,139.28865979381445"
536,556,584,553,lean forward,"256.0618556701031,229.8659793814433,151.3298969072165,139.28865979381445"
536,556,585,553,lean forward,"256.0618556701031,229.8659793814433,151.3298969072165,139.28865979381445"
535,556,584,552,lean forward,"256.0618556701031,229.8659793814433,151.3298969072165,139.28865979381445"
535,555,584,552,lean forward,"256.0618556701031,229.8659793814433,151.3298969072165,139.28865979381445"
535,555,584,552,lean forward,"256.0618556701031,229.8659793814433,151.3298969072165,139.28865979381445"
535,555,584,552,lean forward,"256.0618556701031,229.8659793814433,151.3298969072165,139.28865979381445"
535,555,583,552,lean forward,"256.0618556701031,229.8659793814433,151.3298969072165,139.28865979381445"
535,556,583,552,lean forward,"256.0618556701031,229.8659793814433,151.3298969072165,139.28865979381445"
535,556,584,553,lean forward,"256.0618556701031,229.8659793814433,151.3298969072165,139.28865979381445"
536,556,583,553,lean forward,"256.0618556701031,229.8659793814433,151.3298969072165,139.28865979381445"
536,556,584,552,lean forward,"256.0618556701031,229.8659793814433,151.3298969072165,139.28865979381445"
536,557,584,552,lean forward,"256.0618556701031,229.8659793814433,151.3298969072165,139.28865979381445"
536,556,584,553,lean forward,"256.0618556701031,229.8659793814433,151.3298969072165,139.28865979381445"
536,556,584,553,lean forward,"256.0618556701031,229.8659793814433,151.3298969072165,139.28865979381445"
536,557,584,553,lean forward,"256.0618556701031,229.8659793814433,151.3298969072165,139.28865979381445"
536,556,584,553,lean forward,"256.0618556701031,229.8659793814433,151.3298969072165,139.28865979381445"
536,556,584,553,lean forward,"256.0618556701031,229.8659793814433,151.3298969072165,139.28865979381445"
536,556,584,553,lean forward,"256.0618556701031,229.8659793814433,151.3298969072165,139.28865979381445"
536,556,584,553,lean forward,"256.0618556701031,229.8659793814433,151.3298969072165,139.28865979381445"
536,556,584,553,lean forward,"256.0618556701031,229.8659793814433,151.3298969072165,139.28865979381445"
535,556,584,553,lean forward,"256.0618556701031,229.8659793814433,151.3298969072165,139.28865979381445"
535,556,583,553,lean forward,"256.0618556701031,229.8659793814433,151.3298969072165,139.28865979381445"
535,556,583,553,lean forward,"256.0618556701031,229.8659793814433,151.3298969072165,139.28865979381445"
534,555,583,553,lean forward,"256.0618556701031,229.8659793814433,151.3298969072165,139.28865979381445"
534,555,583,553,lean forward,"256.0618556701031,229.8659793814433,151.3298969072165,139.28865979381445"
534,555,584,553,lean forward,"256.0618556701031,229.8659793814433,151.3298969072165,139.28865979381445"
535,555,583,553,lean forward,"256.0618556701031,229.8659793814433,151.3298969072165,139.28865979381445"
535,555,584,553,lean forward,"256.0618556701031,229.8659793814433,151.3298969072165,139.28865979381445"
535,555,584,553,lean forward,"256.0618556701031,229.8659793814433,151.3298969072165,139.28865979381445"
535,555,584,553,lean forward,"256.0618556701031,229.8659793814433,151.3298969072165,139.28865979381445"
535,556,585,553,lean forward,"256.0618556701031,229.8659793814433,151.3298969072165,139.28865979381445"
536,556,585,554,lean forward,"256.0618556701031,229.8659793814433,151.3298969072165,139.28865979381445"
536,556,585,554,lean forward,"256.0618556701031,229.8659793814433,151.3298969072165,139.28865979381445"
536,556,586,554,lean forward,"256.0618556701031,229.8659793814433,151.3298969072165,139.28865979381445"
536,557,586,554,lean forward,"256.0618556701031,229.8659793814433,151.3298969072165,139.28865979381445"
536,556,586,554,lean forward,"256.0618556701031,229.8659793814433,151.3298969072165,139.28865979381445"
536,556,586,554,lean forward,"256.0618556701031,229.8659793814433,151.3298969072165,139.28865979381445"
536,556,586,554,lean forward,"256.0618556701031,229.8659793814433,151.3298969072165,139.28865979381445"
536,556,586,554,lean forward,"256.0618556701031,229.8659793814433,151.3298969072165,139.28865979381445"
536,556,586,554,lean forward,"256.0618556701031,229.8659793814433,151.3298969072165,139.28865979381445"
536,556,586,554,lean forward,"256.0618556701031,229.8659793814433,151.3298969072165,139.28865979381445"
536,557,587,554,lean forward,"256.0618556701031,229.8659793814433,151.3298969072165,139.28865979381445"
536,557,587,554,lean forward,"256.0618556701031,229.8659793814433,151.3298969072165,139.28865979381445"
536,557,587,554,lean forward,"256.0618556701031,229.8659793814433,151.3298969072165,139.28865979381445"
536,557,588,554,lean forward,"256.0618556701031,229.8659793814433,151.3298969072165,139.28865979381445"
536,557,588,554,lean forward,"256.0618556701031,229.8659793814433,151.3298969072165,139.28865979381445"
536,557,589,554,lean forward,"256.0618556701031,229.8659793814433,151.3298969072165,139.28865979381445"
536,557,590,554,lean forward,"256.0618556701031,229.8659793814433,151.3298969072165,139.28865979381445"
536,558,589,554,lean forward,"256.0618556701031,229.8659793814433,151.3298969072165,139.28865979381445"
538,560,590,554,lean forward,"256.0618556701031,229.8659793814433,151.3298969072165,139.28865979381445"
540,561,590,554,lean forward,"256.0618556701031,229.8659793814433,151.3298969072165,139.28865979381445"
542,562,591,553,lean forward,"256.0618556701031,229.8659793814433,151.3298969072165,139.28865979381445"
542,564,591,553,lean forward,"256.0618556701031,229.8659793814433,151.3298969072165,139.28865979381445"
543,566,591,553,lean forward,"256.0618556701031,229.8659793814433,151.3298969072165,139.28865979381445"
543,569,591,553,lean forward,"256.0618556701031,229.8659793814433,151.3298969072165,139.28865979381445"
544,571,590,553,lean forward,"256.0618556701031,229.8659793814433,151.3298969072165,139.28865979381445"
544,573,588,553,lean forward,"256.0618556701031,229.8659793814433,151.3298969072165,139.28865979381445"
544,575,587,553,lean forward,"256.0618556701031,229.8659793814433,151.3298969072165,139.28865979381445"
545,575,586,553,lean forward,"256.0618556701031,229.8659793814433,151.3298969072165,139.28865979381445"
545,576,586,553,lean forward,"256.0618556701031,229.8659793814433,151.3298969072165,139.28865979381445"
545,577,585,553,lean forward,"256.0618556701031,229.8659793814433,151.3298969072165,139.28865979381445"
545,578,586,553,lean forward,"256.0618556701031,229.8659793814433,151.3298969072165,139.28865979381445"
545,579,586,553,lean forward,"256.0618556701031,229.8659793814433,151.3298969072165,139.28865979381445"
545,579,587,553,lean forward,"256.0618556701031,229.8659793814433,151.3298969072165,139.28865979381445"
544,579,586,552,lean forward,"256.0618556701031,229.8659793814433,151.3298969072165,139.28865979381445"
545,579,586,552,lean forward,"256.0618556701031,229.8659793814433,151.3298969072165,139.28865979381445"
545,579,587,552,lean forward,"256.0618556701031,229.8659793814433,151.3298969072165,139.28865979381445"
545,580,587,552,lean forward,"256.0618556701031,229.8659793814433,151.3298969072165,139.28865979381445"
546,580,587,553,lean forward,"256.0618556701031,229.8659793814433,151.3298969072165,139.28865979381445"
546,580,587,552,lean forward,"256.0618556701031,229.8659793814433,151.3298969072165,139.28865979381445"
546,581,587,552,lean forward,"256.0618556701031,229.8659793814433,151.3298969072165,139.28865979381445"
547,581,587,552,lean forward,"256.0618556701031,229.8659793814433,151.3298969072165,139.28865979381445"
548,581,587,552,lean forward,"256.0618556701031,229.8659793814433,151.3298969072165,139.28865979381445"
548,581,586,552,lean forward,"256.0618556701031,229.8659793814433,151.3298969072165,139.28865979381445"
548,581,586,553,lean forward,"256.0618556701031,229.8659793814433,151.3298969072165,139.28865979381445"
548,581,586,553,lean forward,"256.0618556701031,229.8659793814433,151.3298969072165,139.28865979381445"
547,581,586,552,lean forward,"256.0618556701031,229.8659793814433,151.3298969072165,139.28865979381445"
547,582,586,552,lean forward,"256.0618556701031,229.8659793814433,151.3298969072165,139.28865979381445"
546,582,586,552,lean forward,"256.0618556701031,229.8659793814433,151.3298969072165,139.28865979381445"
546,582,586,552,lean forward,"256.0618556701031,229.8659793814433,151.3298969072165,139.28865979381445"
545,581,586,552,lean forward,"256.0618556701031,229.8659793814433,151.3298969072165,139.28865979381445"
545,581,586,552,lean forward,"256.0618556701031,229.8659793814433,151.3298969072165,139.28865979381445"
545,581,585,552,lean forward,"256.0618556701031,229.8659793814433,151.3298969072165,139.28865979381445"
545,581,586,553,lean forward,"256.0618556701031,229.8659793814433,151.3298969072165,139.28865979381445"
545,580,586,552,lean forward,"256.0618556701031,229.8659793814433,151.3298969072165,139.28865979381445"
544,582,586,552,lean forward,"256.0618556701031,229.8659793814433,151.3298969072165,139.28865979381445"
543,580,586,552,lean forward,"256.0618556701031,229.8659793814433,151.3298969072165,139.28865979381445"
543,580,586,552,lean forward,"256.0618556701031,229.8659793814433,151.3298969072165,139.28865979381445"
543,581,587,553,lean forward,"256.0618556701031,229.8659793814433,151.3298969072165,139.28865979381445"
543,581,587,553,lean forward,"256.0618556701031,229.8659793814433,151.3298969072165,139.28865979381445"
544,581,587,554,lean forward,"256.0618556701031,229.8659793814433,151.3298969072165,139.28865979381445"
545,582,588,554,lean forward,"256.0618556701031,229.8659793814433,151.3298969072165,139.28865979381445"
545,581,588,554,lean forward,"256.0618556701031,229.8659793814433,151.3298969072165,139.28865979381445"
544,581,589,554,lean forward,"256.0618556701031,229.8659793814433,151.3298969072165,139.28865979381445"
544,581,589,555,lean forward,"256.0618556701031,229.8659793814433,151.3298969072165,139.28865979381445"
543,580,590,554,lean forward,"256.0618556701031,229.8659793814433,151.3298969072165,139.28865979381445"
543,578,591,554,lean forward,"256.0618556701031,229.8659793814433,151.3298969072165,139.28865979381445"
543,577,592,553,lean forward,"256.0618556701031,229.8659793814433,151.3298969072165,139.28865979381445"
544,576,593,552,lean forward,"256.0618556701031,229.8659793814433,151.3298969072165,139.28865979381445"
544,575,594,553,lean forward,"256.0618556701031,229.8659793814433,151.3298969072165,139.28865979381445"
545,575,594,553,lean forward,"256.0618556701031,229.8659793814433,151.3298969072165,139.28865979381445"
545,574,595,553,lean forward,"256.0618556701031,229.8659793814433,151.3298969072165,139.28865979381445"
545,574,595,553,lean forward,"256.0618556701031,229.8659793814433,151.3298969072165,139.28865979381445"
545,575,595,552,lean forward,"256.0618556701031,229.8659793814433,151.3298969072165,139.28865979381445"
545,574,596,552,lean forward,"256.0618556701031,229.8659793814433,151.3298969072165,139.28865979381445"
546,574,597,552,lean forward,"256.0618556701031,229.8659793814433,151.3298969072165,139.28865979381445"
545,573,597,553,lean forward,"256.0618556701031,229.8659793814433,151.3298969072165,139.28865979381445"
545,574,598,553,lean forward,"256.0618556701031,229.8659793814433,151.3298969072165,139.28865979381445"
544,573,598,554,lean forward,"256.0618556701031,229.8659793814433,151.3298969072165,139.28865979381445"
544,573,599,554,lean forward,"256.0618556701031,229.8659793814433,151.3298969072165,139.28865979381445"
543,573,599,554,lean forward,"256.0618556701031,229.8659793814433,151.3298969072165,139.28865979381445"
544,573,599,555,lean forward,"256.0618556701031,229.8659793814433,151.3298969072165,139.28865979381445"
544,573,600,556,lean forward,"256.0618556701031,229.8659793814433,151.3298969072165,139.28865979381445"
544,574,600,556,lean forward,"256.0618556701031,229.8659793814433,151.3298969072165,139.28865979381445"
544,574,601,556,lean forward,"256.0618556701031,229.8659793814433,151.3298969072165,139.28865979381445"
545,574,601,556,lean forward,"256.0618556701031,229.8659793814433,151.3298969072165,139.28865979381445"
546,575,602,556,lean forward,"256.0618556701031,229.8659793814433,151.3298969072165,139.28865979381445"
547,574,603,556,lean forward,"256.0618556701031,229.8659793814433,151.3298969072165,139.28865979381445"
548,574,604,556,lean forward,"256.0618556701031,229.8659793814433,151.3298969072165,139.28865979381445"
549,575,605,556,lean forward,"256.0618556701031,229.8659793814433,151.3298969072165,139.28865979381445"
549,573,606,555,lean forward,"256.0618556701031,229.8659793814433,151.3298969072165,139.28865979381445"
550,574,606,554,lean forward,"256.0618556701031,229.8659793814433,151.3298969072165,139.28865979381445"
551,573,606,553,lean forward,"256.0618556701031,229.8659793814433,151.3298969072165,139.28865979381445"
552,574,607,552,lean forward,"256.0618556701031,229.8659793814433,151.3298969072165,139.28865979381445"
553,574,608,552,lean forward,"256.0618556701031,229.8659793814433,151.3298969072165,139.28865979381445"
553,574,608,551,lean forward,"256.0618556701031,229.8659793814433,151.3298969072165,139.28865979381445"
554,573,608,550,lean forward,"256.0618556701031,229.8659793814433,151.3298969072165,139.28865979381445"
555,573,609,549,lean forward,"256.0618556701031,229.8659793814433,151.3298969072165,139.28865979381445"
556,572,609,548,lean forward,"256.0618556701031,229.8659793814433,151.3298969072165,139.28865979381445"
556,573,610,547,lean forward,"256.0618556701031,229.8659793814433,151.3298969072165,139.28865979381445"
557,573,610,546,lean forward,"256.0618556701031,229.8659793814433,151.3298969072165,139.28865979381445"
558,573,611,545,lean forward,"256.0618556701031,229.8659793814433,151.3298969072165,139.28865979381445"
559,572,612,545,lean forward,"256.0618556701031,229.8659793814433,151.3298969072165,139.28865979381445"
560,572,612,544,lean forward,"256.0618556701031,229.8659793814433,151.3298969072165,139.28865979381445"
561,572,612,543,lean forward,"256.0618556701031,229.8659793814433,151.3298969072165,139.28865979381445"
561,572,612,542,lean forward,"256.0618556701031,229.8659793814433,151.3298969072165,139.28865979381445"
562,572,613,542,lean forward,"256.0618556701031,229.8659793814433,151.3298969072165,139.28865979381445"
563,572,613,542,lean forward,"256.0618556701031,229.8659793814433,151.3298969072165,139.28865979381445"
563,572,613,542,lean forward,"256.0618556701031,229.8659793814433,151.3298969072165,139.28865979381445"
564,571,613,542,lean forward,"256.0618556701031,229.8659793814433,151.3298969072165,139.28865979381445"
564,571,613,541,lean forward,"256.0618556701031,229.8659793814433,151.3298969072165,139.28865979381445"
564,571,613,541,lean forward,"256.0618556701031,229.8659793814433,151.3298969072165,139.28865979381445"
564,571,613,542,lean forward,"256.0618556701031,229.8659793814433,151.3298969072165,139.28865979381445"
564,570,613,542,lean forward,"256.0618556701031,229.8659793814433,151.3298969072165,139.28865979381445"
563,570,613,542,lean forward,"256.0618556701031,229.8659793814433,151.3298969072165,139.28865979381445"
562,570,613,542,lean forward,"256.0618556701031,229.8659793814433,151.3298969072165,139.28865979381445"
562,569,613,543,lean forward,"256.0618556701031,229.8659793814433,151.3298969072165,139.28865979381445"
561,570,612,543,lean forward,"256.0618556701031,229.8659793814433,151.3298969072165,139.28865979381445"
561,569,612,542,lean forward,"256.0618556701031,229.8659793814433,151.3298969072165,139.28865979381445"
561,569,612,543,lean forward,"256.0618556701031,229.8659793814433,151.3298969072165,139.28865979381445"
561,570,612,543,lean forward,"256.0618556701031,229.8659793814433,151.3298969072165,139.28865979381445"
561,569,610,543,lean forward,"256.0618556701031,229.8659793814433,151.3298969072165,139.28865979381445"
561,569,610,543,lean forward,"256.0618556701031,229.8659793814433,151.3298969072165,139.28865979381445"
561,569,609,543,lean forward,"256.0618556701031,229.8659793814433,151.3298969072165,139.28865979381445"
561,570,608,543,lean forward,"256.0618556701031,229.8659793814433,151.3298969072165,139.28865979381445"
561,569,608,543,lean forward,"256.0618556701031,229.8659793814433,151.3298969072165,139.28865979381445"
560,569,607,544,lean forward,"256.0618556701031,229.8659793814433,151.3298969072165,139.28865979381445"
