Reading 1,Reading 2,Reading 3,Reading 4,Reading 5,Reading 6,Reading 7,Reading 8,Label,Baseline
518,535,506,490,469,176,211,175,lean left,"241.06185567010309,146.98969072164948,83.28865979381443,73.63917525773196,74.22680412371135,134.82474226804123,195.09278350515464,185.4742268041237"
518,535,498,490,469,176,212,175,lean left,"241.06185567010309,146.98969072164948,83.28865979381443,73.63917525773196,74.22680412371135,134.82474226804123,195.09278350515464,185.4742268041237"
518,534,498,490,469,175,211,175,lean left,"241.06185567010309,146.98969072164948,83.28865979381443,73.63917525773196,74.22680412371135,134.82474226804123,195.09278350515464,185.4742268041237"
518,534,500,490,469,175,212,173,lean left,"241.06185567010309,146.98969072164948,83.28865979381443,73.63917525773196,74.22680412371135,134.82474226804123,195.09278350515464,185.4742268041237"
518,534,507,490,468,175,211,173,lean left,"241.06185567010309,146.98969072164948,83.28865979381443,73.63917525773196,74.22680412371135,134.82474226804123,195.09278350515464,185.4742268041237"
519,535,507,491,469,176,211,173,lean left,"241.06185567010309,146.98969072164948,83.28865979381443,73.63917525773196,74.22680412371135,134.82474226804123,195.09278350515464,185.4742268041237"
518,534,507,490,469,175,212,173,lean left,"241.06185567010309,146.98969072164948,83.28865979381443,73.63917525773196,74.22680412371135,134.82474226804123,195.09278350515464,185.4742268041237"
519,535,507,490,469,176,212,173,lean left,"241.06185567010309,146.98969072164948,83.28865979381443,73.63917525773196,74.22680412371135,134.82474226804123,195.09278350515464,185.4742268041237"
519,535,508,491,469,177,213,174,lean left,"241.06185567010309,146.98969072164948,83.28865979381443,73.63917525773196,74.22680412371135,134.82474226804123,195.09278350515464,185.4742268041237"
519,536,508,491,469,177,213,175,lean left,"241.06185567010309,146.98969072164948,83.28865979381443,73.63917525773196,74.22680412371135,134.82474226804123,195.09278350515464,185.4742268041237"
519,537,508,492,469,177,213,175,lean left,"241.06185567010309,146.98969072164948,83.28865979381443,73.63917525773196,74.22680412371135,134.82474226804123,195.09278350515464,185.4742268041237"
519,536,507,491,469,175,213,175,lean left,"241.06185567010309,146.98969072164948,83.28865979381443,73.63917525773196,74.22680412371135,134.82474226804123,195.09278350515464,185.4742268041237"
519,536,508,492,469,175,213,175,lean left,"241.06185567010309,146.98969072164948,83.28865979381443,73.63917525773196,74.22680412371135,134.82474226804123,195.09278350515464,185.4742268041237"
520,537,508,492,469,174,213,176,lean left,"241.06185567010309,146.98969072164948,83.28865979381443,73.63917525773196,74.22680412371135,134.82474226804123,195.09278350515464,185.4742268041237"
519,536,507,491,469,174,213,176,lean left,"241.06185567010309,146.98969072164948,83.28865979381443,73.63917525773196,74.22680412371135,134.82474226804123,195.09278350515464,185.4742268041237"
518,537,509,492,470,175,213,175,lean left,"241.06185567010309,146.98969072164948,83.28865979381443,73.63917525773196,74.22680412371135,134.82474226804123,195.09278350515464,185.4742268041237"
519,537,508,492,469,175,213,176,lean left,"241.06185567010309,146.98969072164948,83.28865979381443,73.63917525773196,74.22680412371135,134.82474226804123,195.09278350515464,185.4742268041237"
519,537,509,492,470,175,212,175,lean left,"241.06185567010309,146.98969072164948,83.28865979381443,73.63917525773196,74.22680412371135,134.82474226804123,195.09278350515464,185.4742268041237"
519,537,508,493,470,175,212,176,lean left,"241.06185567010309,146.98969072164948,83.28865979381443,73.63917525773196,74.22680412371135,134.82474226804123,195.09278350515464,185.4742268041237"
520,537,509,493,471,176,213,175,lean left,"241.06185567010309,146.98969072164948,83.28865979381443,73.63917525773196,74.22680412371135,134.82474226804123,195.09278350515464,185.4742268041237"
521,538,509,492,471,176,213,175,lean left,"241.06185567010309,146.98969072164948,83.28865979381443,73.63917525773196,74.22680412371135,134.82474226804123,195.09278350515464,185.4742268041237"
520,539,508,493,472,175,214,175,lean left,"241.06185567010309,146.98969072164948,83.28865979381443,73.63917525773196,74.22680412371135,134.82474226804123,195.09278350515464,185.4742268041237"
520,539,508,493,471,176,214,175,lean left,"241.06185567010309,146.98969072164948,83.28865979381443,73.63917525773196,74.22680412371135,134.82474226804123,195.09278350515464,185.4742268041237"
520,539,508,493,472,177,214,176,lean left,"241.06185567010309,146.98969072164948,83.28865979381443,73.63917525773196,74.22680412371135,134.82474226804123,195.09278350515464,185.4742268041237"
522,540,510,494,472,178,215,177,lean left,"241.06185567010309,146.98969072164948,83.28865979381443,73.63917525773196,74.22680412371135,134.82474226804123,195.09278350515464,185.4742268041237"
522,541,511,494,472,178,216,177,lean left,"241.06185567010309,146.98969072164948,83.28865979381443,73.63917525773196,74.22680412371135,134.82474226804123,195.09278350515464,185.4742268041237"
522,540,510,495,472,179,215,177,lean left,"241.06185567010309,146.98969072164948,83.28865979381443,73.63917525773196,74.22680412371135,134.82474226804123,195.09278350515464,185.4742268041237"
523,540,511,495,473,179,216,177,lean left,"241.06185567010309,146.98969072164948,83.28865979381443,73.63917525773196,74.22680412371135,134.82474226804123,195.09278350515464,185.4742268041237"
523,542,512,495,473,178,216,177,lean left,"241.06185567010309,146.98969072164948,83.28865979381443,73.63917525773196,74.22680412371135,134.82474226804123,195.09278350515464,185.4742268041237"
523,542,512,496,473,178,216,177,lean left,"241.06185567010309,146.98969072164948,83.28865979381443,73.63917525773196,74.22680412371135,134.82474226804123,195.09278350515464,185.4742268041237"
523,542,512,496,471,177,216,176,lean left,"241.06185567010309,146.98969072164948,83.28865979381443,73.63917525773196,74.22680412371135,134.82474226804123,195.09278350515464,185.4742268041237"
523,542,514,496,472,177,215,177,lean left,"241.06185567010309,146.98969072164948,83.28865979381443,73.63917525773196,74.22680412371135,134.82474226804123,195.09278350515464,185.4742268041237"
523,543,514,497,472,179,215,177,lean left,"241.06185567010309,146.98969072164948,83.28865979381443,73.63917525773196,74.22680412371135,134.82474226804123,195.09278350515464,185.4742268041237"
523,542,513,495,471,179,215,177,lean left,"241.06185567010309,146.98969072164948,83.28865979381443,73.63917525773196,74.22680412371135,134.82474226804123,195.09278350515464,185.4742268041237"
524,542,513,496,470,179,215,177,lean left,"241.06185567010309,146.98969072164948,83.28865979381443,73.63917525773196,74.22680412371135,134.82474226804123,195.09278350515464,185.4742268041237"
524,542,514,496,471,179,214,177,lean left,"241.06185567010309,146.98969072164948,83.28865979381443,73.63917525773196,74.22680412371135,134.82474226804123,195.09278350515464,185.4742268041237"
522,542,514,495,471,180,215,177,lean left,"241.06185567010309,146.98969072164948,83.28865979381443,73.63917525773196,74.22680412371135,134.82474226804123,195.09278350515464,185.4742268041237"
524,542,514,495,469,179,214,176,lean left,"241.06185567010309,146.98969072164948,83.28865979381443,73.63917525773196,74.22680412371135,134.82474226804123,195.09278350515464,185.4742268041237"
523,541,514,495,469,179,214,176,lean left,"241.06185567010309,146.98969072164948,83.28865979381443,73.63917525773196,74.22680412371135,134.82474226804123,195.09278350515464,185.4742268041237"
522,541,515,495,469,179,214,176,lean left,"241.06185567010309,146.98969072164948,83.28865979381443,73.63917525773196,74.22680412371135,134.82474226804123,195.09278350515464,185.4742268041237"
523,541,515,495,468,179,215,177,lean left,"241.06185567010309,146.98969072164948,83.28865979381443,73.63917525773196,74.22680412371135,134.82474226804123,195.09278350515464,185.4742268041237"
522,540,514,495,467,179,215,176,lean left,"241.06185567010309,146.98969072164948,83.28865979381443,73.63917525773196,74.22680412371135,134.82474226804123,195.09278350515464,185.4742268041237"
522,540,515,494,467,179,215,177,lean left,"241.06185567010309,146.98969072164948,83.28865979381443,73.63917525773196,74.22680412371135,134.82474226804123,195.09278350515464,185.4742268041237"
522,540,515,495,467,179,215,177,lean left,"241.06185567010309,146.98969072164948,83.28865979381443,73.63917525773196,74.22680412371135,134.82474226804123,195.09278350515464,185.4742268041237"
522,541,515,495,466,177,215,176,lean left,"241.06185567010309,146.98969072164948,83.28865979381443,73.63917525773196,74.22680412371135,134.82474226804123,195.09278350515464,185.4742268041237"
523,541,514,494,465,176,215,174,lean left,"241.06185567010309,146.98969072164948,83.28865979381443,73.63917525773196,74.22680412371135,134.82474226804123,195.09278350515464,185.4742268041237"
523,542,515,496,464,176,215,173,lean left,"241.06185567010309,146.98969072164948,83.28865979381443,73.63917525773196,74.22680412371135,134.82474226804123,195.09278350515464,185.4742268041237"
523,542,515,495,463,176,214,174,lean left,"241.06185567010309,146.98969072164948,83.28865979381443,73.63917525773196,74.22680412371135,134.82474226804123,195.09278350515464,185.4742268041237"
523,542,516,496,464,174,214,174,lean left,"241.06185567010309,146.98969072164948,83.28865979381443,73.63917525773196,74.22680412371135,134.82474226804123,195.09278350515464,185.4742268041237"
524,543,516,497,464,173,215,176,lean left,"241.06185567010309,146.98969072164948,83.28865979381443,73.63917525773196,74.22680412371135,134.82474226804123,195.09278350515464,185.4742268041237"
524,543,515,496,463,173,215,176,lean left,"241.06185567010309,146.98969072164948,83.28865979381443,73.63917525773196,74.22680412371135,134.82474226804123,195.09278350515464,185.4742268041237"
524,544,517,497,464,171,216,176,lean left,"241.06185567010309,146.98969072164948,83.28865979381443,73.63917525773196,74.22680412371135,134.82474226804123,195.09278350515464,185.4742268041237"
523,544,517,496,464,170,216,176,lean left,"241.06185567010309,146.98969072164948,83.28865979381443,73.63917525773196,74.22680412371135,134.82474226804123,195.09278350515464,185.4742268041237"
524,544,516,497,464,169,216,176,lean left,"241.06185567010309,146.98969072164948,83.28865979381443,73.63917525773196,74.22680412371135,134.82474226804123,195.09278350515464,185.4742268041237"
525,544,517,498,464,168,217,176,lean left,"241.06185567010309,146.98969072164948,83.28865979381443,73.63917525773196,74.22680412371135,134.82474226804123,195.09278350515464,185.4742268041237"
525,543,516,497,464,168,217,177,lean left,"241.06185567010309,146.98969072164948,83.28865979381443,73.63917525773196,74.22680412371135,134.82474226804123,195.09278350515464,185.4742268041237"
525,545,517,498,464,170,217,177,lean left,"241.06185567010309,146.98969072164948,83.28865979381443,73.63917525773196,74.22680412371135,134.82474226804123,195.09278350515464,185.4742268041237"
525,545,517,498,464,170,217,176,lean left,"241.06185567010309,146.98969072164948,83.28865979381443,73.63917525773196,74.22680412371135,134.82474226804123,195.09278350515464,185.4742268041237"
525,544,518,498,463,170,217,177,lean left,"241.06185567010309,146.98969072164948,83.28865979381443,73.63917525773196,74.22680412371135,134.82474226804123,195.09278350515464,185.4742268041237"
524,544,518,497,464,170,217,176,lean left,"241.06185567010309,146.98969072164948,83.28865979381443,73.63917525773196,74.22680412371135,134.82474226804123,195.09278350515464,185.4742268041237"
525,545,518,498,464,171,218,177,lean left,"241.06185567010309,146.98969072164948,83.28865979381443,73.63917525773196,74.22680412371135,134.82474226804123,195.09278350515464,185.4742268041237"
525,546,518,498,463,171,218,177,lean left,"241.06185567010309,146.98969072164948,83.28865979381443,73.63917525773196,74.22680412371135,134.82474226804123,195.09278350515464,185.4742268041237"
526,547,518,499,464,172,218,176,lean left,"241.06185567010309,146.98969072164948,83.28865979381443,73.63917525773196,74.22680412371135,134.82474226804123,195.09278350515464,185.4742268041237"
525,547,518,499,464,173,218,177,lean left,"241.06185567010309,146.98969072164948,83.28865979381443,73.63917525773196,74.22680412371135,134.82474226804123,195.09278350515464,185.4742268041237"
525,546,518,499,464,173,218,176,lean left,"241.06185567010309,146.98969072164948,83.28865979381443,73.63917525773196,74.22680412371135,134.82474226804123,195.09278350515464,185.4742268041237"
525,546,519,500,464,173,218,176,lean left,"241.06185567010309,146.98969072164948,83.28865979381443,73.63917525773196,74.22680412371135,134.82474226804123,195.09278350515464,185.4742268041237"
526,547,519,499,464,174,217,178,lean left,"241.06185567010309,146.98969072164948,83.28865979381443,73.63917525773196,74.22680412371135,134.82474226804123,195.09278350515464,185.4742268041237"
526,547,519,499,464,174,217,178,lean left,"241.06185567010309,146.98969072164948,83.28865979381443,73.63917525773196,74.22680412371135,134.82474226804123,195.09278350515464,185.4742268041237"
526,547,520,499,465,174,218,178,lean left,"241.06185567010309,146.98969072164948,83.28865979381443,73.63917525773196,74.22680412371135,134.82474226804123,195.09278350515464,185.4742268041237"
525,547,519,499,464,174,217,178,lean left,"241.06185567010309,146.98969072164948,83.28865979381443,73.63917525773196,74.22680412371135,134.82474226804123,195.09278350515464,185.4742268041237"
526,547,519,499,465,174,217,178,lean left,"241.06185567010309,146.98969072164948,83.28865979381443,73.63917525773196,74.22680412371135,134.82474226804123,195.09278350515464,185.4742268041237"
526,548,520,500,465,175,218,178,lean left,"241.06185567010309,146.98969072164948,83.28865979381443,73.63917525773196,74.22680412371135,134.82474226804123,195.09278350515464,185.4742268041237"
526,548,520,499,465,175,219,177,lean left,"241.06185567010309,146.98969072164948,83.28865979381443,73.63917525773196,74.22680412371135,134.82474226804123,195.09278350515464,185.4742268041237"
526,548,519,499,466,175,219,178,lean left,"241.06185567010309,146.98969072164948,83.28865979381443,73.63917525773196,74.22680412371135,134.82474226804123,195.09278350515464,185.4742268041237"
526,548,513,499,466,174,219,177,lean left,"241.06185567010309,146.98969072164948,83.28865979381443,73.63917525773196,74.22680412371135,134.82474226804123,195.09278350515464,185.4742268041237"
526,548,515,499,466,174,218,178,lean left,"241.06185567010309,146.98969072164948,83.28865979381443,73.63917525773196,74.22680412371135,134.82474226804123,195.09278350515464,185.4742268041237"
526,547,527,498,466,174,219,177,lean left,"241.06185567010309,146.98969072164948,83.28865979381443,73.63917525773196,74.22680412371135,134.82474226804123,195.09278350515464,185.4742268041237"
526,547,527,499,466,174,219,177,lean left,"241.06185567010309,146.98969072164948,83.28865979381443,73.63917525773196,74.22680412371135,134.82474226804123,195.09278350515464,185.4742268041237"
527,547,529,499,465,174,219,178,lean left,"241.06185567010309,146.98969072164948,83.28865979381443,73.63917525773196,74.22680412371135,134.82474226804123,195.09278350515464,185.4742268041237"
526,548,531,500,466,175,219,177,lean left,"241.06185567010309,146.98969072164948,83.28865979381443,73.63917525773196,74.22680412371135,134.82474226804123,195.09278350515464,185.4742268041237"
527,549,529,500,467,174,219,177,lean left,"241.06185567010309,146.98969072164948,83.28865979381443,73.63917525773196,74.22680412371135,134.82474226804123,195.09278350515464,185.4742268041237"
527,549,529,500,467,176,218,177,lean left,"241.06185567010309,146.98969072164948,83.28865979381443,73.63917525773196,74.22680412371135,134.82474226804123,195.09278350515464,185.4742268041237"
527,549,528,500,465,175,219,176,lean left,"241.06185567010309,146.98969072164948,83.28865979381443,73.63917525773196,74.22680412371135,134.82474226804123,195.09278350515464,185.4742268041237"
527,548,528,500,465,176,219,177,lean left,"241.06185567010309,146.98969072164948,83.28865979381443,73.63917525773196,74.22680412371135,134.82474226804123,195.09278350515464,185.4742268041237"
528,549,527,500,464,176,219,176,lean left,"241.06185567010309,146.98969072164948,83.28865979381443,73.63917525773196,74.22680412371135,134.82474226804123,195.09278350515464,185.4742268041237"
528,549,527,501,464,176,219,177,lean left,"241.06185567010309,146.98969072164948,83.28865979381443,73.63917525773196,74.22680412371135,134.82474226804123,195.09278350515464,185.4742268041237"
528,549,527,501,464,176,219,177,lean left,"241.06185567010309,146.98969072164948,83.28865979381443,73.63917525773196,74.22680412371135,134.82474226804123,195.09278350515464,185.4742268041237"
527,548,525,500,465,176,219,177,lean left,"241.06185567010309,146.98969072164948,83.28865979381443,73.63917525773196,74.22680412371135,134.82474226804123,195.09278350515464,185.4742268041237"
528,549,524,500,465,176,220,177,lean left,"241.06185567010309,146.98969072164948,83.28865979381443,73.63917525773196,74.22680412371135,134.82474226804123,195.09278350515464,185.4742268041237"
528,549,523,500,465,175,220,178,lean left,"241.06185567010309,146.98969072164948,83.28865979381443,73.63917525773196,74.22680412371135,134.82474226804123,195.09278350515464,185.4742268041237"
527,549,521,500,465,175,220,178,lean left,"241.06185567010309,146.98969072164948,83.28865979381443,73.63917525773196,74.22680412371135,134.82474226804123,195.09278350515464,185.4742268041237"
527,549,521,500,464,176,220,178,lean left,"241.06185567010309,146.98969072164948,83.28865979381443,73.63917525773196,74.22680412371135,134.82474226804123,195.09278350515464,185.4742268041237"
527,549,523,500,465,175,220,177,lean left,"241.06185567010309,146.98969072164948,83.28865979381443,73.63917525773196,74.22680412371135,134.82474226804123,195.09278350515464,185.4742268041237"
527,549,523,500,465,175,220,177,lean left,"241.06185567010309,146.98969072164948,83.28865979381443,73.63917525773196,74.22680412371135,134.82474226804123,195.09278350515464,185.4742268041237"
527,550,523,500,465,176,220,177,lean left,"241.06185567010309,146.98969072164948,83.28865979381443,73.63917525773196,74.22680412371135,134.82474226804123,195.09278350515464,185.4742268041237"
527,549,523,501,465,176,220,178,lean left,"241.06185567010309,146.98969072164948,83.28865979381443,73.63917525773196,74.22680412371135,134.82474226804123,195.09278350515464,185.4742268041237"
527,549,523,500,464,176,220,178,lean left,"241.06185567010309,146.98969072164948,83.28865979381443,73.63917525773196,74.22680412371135,134.82474226804123,195.09278350515464,185.4742268041237"
527,548,523,499,464,176,219,177,lean left,"241.06185567010309,146.98969072164948,83.28865979381443,73.63917525773196,74.22680412371135,134.82474226804123,195.09278350515464,185.4742268041237"
526,548,523,500,465,175,220,177,lean left,"241.06185567010309,146.98969072164948,83.28865979381443,73.63917525773196,74.22680412371135,134.82474226804123,195.09278350515464,185.4742268041237"
526,549,522,500,464,175,220,177,lean left,"241.06185567010309,146.98969072164948,83.28865979381443,73.63917525773196,74.22680412371135,134.82474226804123,195.09278350515464,185.4742268041237"
527,549,522,500,465,175,219,177,lean left,"241.06185567010309,146.98969072164948,83.28865979381443,73.63917525773196,74.22680412371135,134.82474226804123,195.09278350515464,185.4742268041237"
527,549,522,500,464,176,220,177,lean left,"241.06185567010309,146.98969072164948,83.28865979381443,73.63917525773196,74.22680412371135,134.82474226804123,195.09278350515464,185.4742268041237"
527,549,523,500,464,176,220,177,lean left,"241.06185567010309,146.98969072164948,83.28865979381443,73.63917525773196,74.22680412371135,134.82474226804123,195.09278350515464,185.4742268041237"
526,549,523,500,464,177,219,178,lean left,"241.06185567010309,146.98969072164948,83.28865979381443,73.63917525773196,74.22680412371135,134.82474226804123,195.09278350515464,185.4742268041237"
526,549,522,500,465,177,220,178,lean left,"241.06185567010309,146.98969072164948,83.28865979381443,73.63917525773196,74.22680412371135,134.82474226804123,195.09278350515464,185.4742268041237"
527,549,522,500,465,175,220,177,lean left,"241.06185567010309,146.98969072164948,83.28865979381443,73.63917525773196,74.22680412371135,134.82474226804123,195.09278350515464,185.4742268041237"
526,549,522,500,466,176,220,178,lean left,"241.06185567010309,146.98969072164948,83.28865979381443,73.63917525773196,74.22680412371135,134.82474226804123,195.09278350515464,185.4742268041237"
526,549,523,500,465,176,221,178,lean left,"241.06185567010309,146.98969072164948,83.28865979381443,73.63917525773196,74.22680412371135,134.82474226804123,195.09278350515464,185.4742268041237"
526,549,522,500,464,176,221,178,lean left,"241.06185567010309,146.98969072164948,83.28865979381443,73.63917525773196,74.22680412371135,134.82474226804123,195.09278350515464,185.4742268041237"
526,548,522,500,464,175,221,178,lean left,"241.06185567010309,146.98969072164948,83.28865979381443,73.63917525773196,74.22680412371135,134.82474226804123,195.09278350515464,185.4742268041237"
526,549,522,500,465,175,220,178,lean left,"241.06185567010309,146.98969072164948,83.28865979381443,73.63917525773196,74.22680412371135,134.82474226804123,195.09278350515464,185.4742268041237"
526,549,521,499,465,176,220,178,lean left,"241.06185567010309,146.98969072164948,83.28865979381443,73.63917525773196,74.22680412371135,134.82474226804123,195.09278350515464,185.4742268041237"
526,549,521,500,465,176,220,179,lean left,"241.06185567010309,146.98969072164948,83.28865979381443,73.63917525773196,74.22680412371135,134.82474226804123,195.09278350515464,185.4742268041237"
525,548,522,500,464,176,220,178,lean left,"241.06185567010309,146.98969072164948,83.28865979381443,73.63917525773196,74.22680412371135,134.82474226804123,195.09278350515464,185.4742268041237"
526,549,522,500,464,176,221,178,lean left,"241.06185567010309,146.98969072164948,83.28865979381443,73.63917525773196,74.22680412371135,134.82474226804123,195.09278350515464,185.4742268041237"
525,549,521,500,464,176,220,178,lean left,"241.06185567010309,146.98969072164948,83.28865979381443,73.63917525773196,74.22680412371135,134.82474226804123,195.09278350515464,185.4742268041237"
526,550,522,500,464,175,219,177,lean left,"241.06185567010309,146.98969072164948,83.28865979381443,73.63917525773196,74.22680412371135,134.82474226804123,195.09278350515464,185.4742268041237"
526,550,521,501,463,175,219,177,lean left,"241.06185567010309,146.98969072164948,83.28865979381443,73.63917525773196,74.22680412371135,134.82474226804123,195.09278350515464,185.4742268041237"
526,550,521,501,462,176,219,178,lean left,"241.06185567010309,146.98969072164948,83.28865979381443,73.63917525773196,74.22680412371135,134.82474226804123,195.09278350515464,185.4742268041237"
526,549,522,500,461,177,219,178,lean left,"241.06185567010309,146.98969072164948,83.28865979381443,73.63917525773196,74.22680412371135,134.82474226804123,195.09278350515464,185.4742268041237"
525,550,521,501,461,177,219,178,lean left,"241.06185567010309,146.98969072164948,83.28865979381443,73.63917525773196,74.22680412371135,134.82474226804123,195.09278350515464,185.4742268041237"
525,549,521,500,460,177,219,178,lean left,"241.06185567010309,146.98969072164948,83.28865979381443,73.63917525773196,74.22680412371135,134.82474226804123,195.09278350515464,185.4742268041237"
525,550,521,501,462,177,220,178,lean left,"241.06185567010309,146.98969072164948,83.28865979381443,73.63917525773196,74.22680412371135,134.82474226804123,195.09278350515464,185.4742268041237"
525,550,521,501,461,177,220,178,lean left,"241.06185567010309,146.98969072164948,83.28865979381443,73.63917525773196,74.22680412371135,134.82474226804123,195.09278350515464,185.4742268041237"
525,549,521,501,461,176,219,178,lean left,"241.06185567010309,146.98969072164948,83.28865979381443,73.63917525773196,74.22680412371135,134.82474226804123,195.09278350515464,185.4742268041237"
524,550,521,501,461,176,220,178,lean left,"241.06185567010309,146.98969072164948,83.28865979381443,73.63917525773196,74.22680412371135,134.82474226804123,195.09278350515464,185.4742268041237"
524,549,521,500,460,172,219,178,lean left,"241.06185567010309,146.98969072164948,83.28865979381443,73.63917525773196,74.22680412371135,134.82474226804123,195.09278350515464,185.4742268041237"
531,550,520,500,460,170,220,178,lean left,"241.06185567010309,146.98969072164948,83.28865979381443,73.63917525773196,74.22680412371135,134.82474226804123,195.09278350515464,185.4742268041237"
530,550,520,500,459,169,219,178,lean left,"241.06185567010309,146.98969072164948,83.28865979381443,73.63917525773196,74.22680412371135,134.82474226804123,195.09278350515464,185.4742268041237"
528,549,521,501,458,166,219,178,lean left,"241.06185567010309,146.98969072164948,83.28865979381443,73.63917525773196,74.22680412371135,134.82474226804123,195.09278350515464,185.4742268041237"
526,550,521,500,458,165,220,178,lean left,"241.06185567010309,146.98969072164948,83.28865979381443,73.63917525773196,74.22680412371135,134.82474226804123,195.09278350515464,185.4742268041237"
524,550,521,500,455,163,220,178,lean left,"241.06185567010309,146.98969072164948,83.28865979381443,73.63917525773196,74.22680412371135,134.82474226804123,195.09278350515464,185.4742268041237"
525,549,521,500,455,162,220,178,lean left,"241.06185567010309,146.98969072164948,83.28865979381443,73.63917525773196,74.22680412371135,134.82474226804123,195.09278350515464,185.4742268041237"
525,549,520,501,454,163,220,178,lean left,"241.06185567010309,146.98969072164948,83.28865979381443,73.63917525773196,74.22680412371135,134.82474226804123,195.09278350515464,185.4742268041237"
525,549,519,500,453,163,220,178,lean left,"241.06185567010309,146.98969072164948,83.28865979381443,73.63917525773196,74.22680412371135,134.82474226804123,195.09278350515464,185.4742268041237"
525,549,520,500,454,163,220,178,lean left,"241.06185567010309,146.98969072164948,83.28865979381443,73.63917525773196,74.22680412371135,134.82474226804123,195.09278350515464,185.4742268041237"
526,550,521,501,454,163,221,178,lean left,"241.06185567010309,146.98969072164948,83.28865979381443,73.63917525773196,74.22680412371135,134.82474226804123,195.09278350515464,185.4742268041237"
526,550,521,501,454,162,221,178,lean left,"241.06185567010309,146.98969072164948,83.28865979381443,73.63917525773196,74.22680412371135,134.82474226804123,195.09278350515464,185.4742268041237"
525,551,520,502,455,162,220,177,lean left,"241.06185567010309,146.98969072164948,83.28865979381443,73.63917525773196,74.22680412371135,134.82474226804123,195.09278350515464,185.4742268041237"
526,551,521,502,455,160,221,177,lean left,"241.06185567010309,146.98969072164948,83.28865979381443,73.63917525773196,74.22680412371135,134.82474226804123,195.09278350515464,185.4742268041237"
525,550,520,502,454,160,222,177,lean left,"241.06185567010309,146.98969072164948,83.28865979381443,73.63917525773196,74.22680412371135,134.82474226804123,195.09278350515464,185.4742268041237"
526,551,520,501,454,159,221,178,lean left,"241.06185567010309,146.98969072164948,83.28865979381443,73.63917525773196,74.22680412371135,134.82474226804123,195.09278350515464,185.4742268041237"
525,551,521,502,453,157,221,178,lean left,"241.06185567010309,146.98969072164948,83.28865979381443,73.63917525773196,74.22680412371135,134.82474226804123,195.09278350515464,185.4742268041237"
526,550,520,501,454,157,221,179,lean left,"241.06185567010309,146.98969072164948,83.28865979381443,73.63917525773196,74.22680412371135,134.82474226804123,195.09278350515464,185.4742268041237"
528,550,520,500,457,157,221,178,lean left,"241.06185567010309,146.98969072164948,83.28865979381443,73.63917525773196,74.22680412371135,134.82474226804123,195.09278350515464,185.4742268041237"
528,551,520,502,457,157,221,178,lean left,"241.06185567010309,146.98969072164948,83.28865979381443,73.63917525773196,74.22680412371135,134.82474226804123,195.09278350515464,185.4742268041237"
528,551,521,502,457,156,221,178,lean left,"241.06185567010309,146.98969072164948,83.28865979381443,73.63917525773196,74.22680412371135,134.82474226804123,195.09278350515464,185.4742268041237"
528,551,520,502,455,155,221,178,lean left,"241.06185567010309,146.98969072164948,83.28865979381443,73.63917525773196,74.22680412371135,134.82474226804123,195.09278350515464,185.4742268041237"
528,551,519,502,456,155,222,178,lean left,"241.06185567010309,146.98969072164948,83.28865979381443,73.63917525773196,74.22680412371135,134.82474226804123,195.09278350515464,185.4742268041237"
527,551,521,502,457,154,221,179,lean left,"241.06185567010309,146.98969072164948,83.28865979381443,73.63917525773196,74.22680412371135,134.82474226804123,195.09278350515464,185.4742268041237"
528,551,520,502,457,155,220,179,lean left,"241.06185567010309,146.98969072164948,83.28865979381443,73.63917525773196,74.22680412371135,134.82474226804123,195.09278350515464,185.4742268041237"
527,551,520,502,458,155,221,178,lean left,"241.06185567010309,146.98969072164948,83.28865979381443,73.63917525773196,74.22680412371135,134.82474226804123,195.09278350515464,185.4742268041237"
527,551,519,502,457,155,221,178,lean left,"241.06185567010309,146.98969072164948,83.28865979381443,73.63917525773196,74.22680412371135,134.82474226804123,195.09278350515464,185.4742268041237"
528,550,519,501,458,156,221,178,lean left,"241.06185567010309,146.98969072164948,83.28865979381443,73.63917525773196,74.22680412371135,134.82474226804123,195.09278350515464,185.4742268041237"
528,551,520,502,460,156,221,178,lean left,"241.06185567010309,146.98969072164948,83.28865979381443,73.63917525773196,74.22680412371135,134.82474226804123,195.09278350515464,185.4742268041237"
528,552,520,503,460,157,222,178,lean left,"241.06185567010309,146.98969072164948,83.28865979381443,73.63917525773196,74.22680412371135,134.82474226804123,195.09278350515464,185.4742268041237"
528,550,520,502,460,156,222,178,lean left,"241.06185567010309,146.98969072164948,83.28865979381443,73.63917525773196,74.22680412371135,134.82474226804123,195.09278350515464,185.4742268041237"
529,552,520,502,460,156,221,179,lean left,"241.06185567010309,146.98969072164948,83.28865979381443,73.63917525773196,74.22680412371135,134.82474226804123,195.09278350515464,185.4742268041237"
529,551,520,502,460,156,222,179,lean left,"241.06185567010309,146.98969072164948,83.28865979381443,73.63917525773196,74.22680412371135,134.82474226804123,195.09278350515464,185.4742268041237"
529,552,520,502,459,156,221,179,lean left,"241.06185567010309,146.98969072164948,83.28865979381443,73.63917525773196,74.22680412371135,134.82474226804123,195.09278350515464,185.4742268041237"
528,552,521,503,459,156,221,178,lean left,"241.06185567010309,146.98969072164948,83.28865979381443,73.63917525773196,74.22680412371135,134.82474226804123,195.09278350515464,185.4742268041237"
529,552,520,502,460,156,220,178,lean left,"241.06185567010309,146.98969072164948,83.28865979381443,73.63917525773196,74.22680412371135,134.82474226804123,195.09278350515464,185.4742268041237"
530,552,521,503,460,156,221,178,lean left,"241.06185567010309,146.98969072164948,83.28865979381443,73.63917525773196,74.22680412371135,134.82474226804123,195.09278350515464,185.4742268041237"
531,553,521,503,462,156,221,179,lean left,"241.06185567010309,146.98969072164948,83.28865979381443,73.63917525773196,74.22680412371135,134.82474226804123,195.09278350515464,185.4742268041237"
530,553,520,503,461,156,222,178,lean left,"241.06185567010309,146.98969072164948,83.28865979381443,73.63917525773196,74.22680412371135,134.82474226804123,195.09278350515464,185.4742268041237"
530,553,520,502,461,157,222,179,lean left,"241.06185567010309,146.98969072164948,83.28865979381443,73.63917525773196,74.22680412371135,134.82474226804123,195.09278350515464,185.4742268041237"
529,552,520,502,461,157,222,178,lean left,"241.06185567010309,146.98969072164948,83.28865979381443,73.63917525773196,74.22680412371135,134.82474226804123,195.09278350515464,185.4742268041237"
530,553,521,502,461,157,222,179,lean left,"241.06185567010309,146.98969072164948,83.28865979381443,73.63917525773196,74.22680412371135,134.82474226804123,195.09278350515464,185.4742268041237"
530,553,521,503,460,157,221,179,lean left,"241.06185567010309,146.98969072164948,83.28865979381443,73.63917525773196,74.22680412371135,134.82474226804123,195.09278350515464,185.4742268041237"
530,553,521,502,459,158,221,178,lean left,"241.06185567010309,146.98969072164948,83.28865979381443,73.63917525773196,74.22680412371135,134.82474226804123,195.09278350515464,185.4742268041237"
530,553,520,502,460,157,221,178,lean left,"241.06185567010309,146.98969072164948,83.28865979381443,73.63917525773196,74.22680412371135,134.82474226804123,195.09278350515464,185.4742268041237"
530,552,518,503,460,156,221,178,lean left,"241.06185567010309,146.98969072164948,83.28865979381443,73.63917525773196,74.22680412371135,134.82474226804123,195.09278350515464,185.4742268041237"
530,553,518,503,460,156,221,179,lean left,"241.06185567010309,146.98969072164948,83.28865979381443,73.63917525773196,74.22680412371135,134.82474226804123,195.09278350515464,185.4742268041237"
529,553,518,503,459,156,222,179,lean left,"241.06185567010309,146.98969072164948,83.28865979381443,73.63917525773196,74.22680412371135,134.82474226804123,195.09278350515464,185.4742268041237"
530,552,517,503,460,155,222,178,lean left,"241.06185567010309,146.98969072164948,83.28865979381443,73.63917525773196,74.22680412371135,134.82474226804123,195.09278350515464,185.4742268041237"
530,553,515,503,458,155,222,177,lean left,"241.06185567010309,146.98969072164948,83.28865979381443,73.63917525773196,74.22680412371135,134.82474226804123,195.09278350515464,185.4742268041237"
529,552,517,502,460,154,222,178,lean left,"241.06185567010309,146.98969072164948,83.28865979381443,73.63917525773196,74.22680412371135,134.82474226804123,195.09278350515464,185.4742268041237"
529,552,517,503,460,155,222,178,lean left,"241.06185567010309,146.98969072164948,83.28865979381443,73.63917525773196,74.22680412371135,134.82474226804123,195.09278350515464,185.4742268041237"
529,552,517,503,459,156,222,179,lean left,"241.06185567010309,146.98969072164948,83.28865979381443,73.63917525773196,74.22680412371135,134.82474226804123,195.09278350515464,185.4742268041237"
530,551,517,502,458,156,221,178,lean left,"241.06185567010309,146.98969072164948,83.28865979381443,73.63917525773196,74.22680412371135,134.82474226804123,195.09278350515464,185.4742268041237"
529,553,513,503,457,155,221,179,lean left,"241.06185567010309,146.98969072164948,83.28865979381443,73.63917525773196,74.22680412371135,134.82474226804123,195.09278350515464,185.4742268041237"
530,552,515,503,458,155,222,179,lean left,"241.06185567010309,146.98969072164948,83.28865979381443,73.63917525773196,74.22680412371135,134.82474226804123,195.09278350515464,185.4742268041237"
530,553,515,503,458,154,221,179,lean left,"241.06185567010309,146.98969072164948,83.28865979381443,73.63917525773196,74.22680412371135,134.82474226804123,195.09278350515464,185.4742268041237"
529,552,514,503,458,155,222,179,lean left,"241.06185567010309,146.98969072164948,83.28865979381443,73.63917525773196,74.22680412371135,134.82474226804123,195.09278350515464,185.4742268041237"
529,552,514,502,458,155,222,179,lean left,"241.06185567010309,146.98969072164948,83.28865979381443,73.63917525773196,74.22680412371135,134.82474226804123,195.09278350515464,185.4742268041237"
529,550,514,502,457,155,222,179,lean left,"241.06185567010309,146.98969072164948,83.28865979381443,73.63917525773196,74.22680412371135,134.82474226804123,195.09278350515464,185.4742268041237"
530,552,517,502,458,155,223,180,lean left,"241.06185567010309,146.98969072164948,83.28865979381443,73.63917525773196,74.22680412371135,134.82474226804123,195.09278350515464,185.4742268041237"
529,551,516,502,458,155,223,180,lean left,"241.06185567010309,146.98969072164948,83.28865979381443,73.63917525773196,74.22680412371135,134.82474226804123,195.09278350515464,185.4742268041237"
529,551,517,503,459,156,222,180,lean left,"241.06185567010309,146.98969072164948,83.28865979381443,73.63917525773196,74.22680412371135,134.82474226804123,195.09278350515464,185.4742268041237"
528,551,518,502,459,155,222,180,lean left,"241.06185567010309,146.98969072164948,83.28865979381443,73.63917525773196,74.22680412371135,134.82474226804123,195.09278350515464,185.4742268041237"
528,552,518,502,457,155,223,180,lean left,"241.06185567010309,146.98969072164948,83.28865979381443,73.63917525773196,74.22680412371135,134.82474226804123,195.09278350515464,185.4742268041237"
528,552,517,502,457,155,223,180,lean left,"241.06185567010309,146.98969072164948,83.28865979381443,73.63917525773196,74.22680412371135,134.82474226804123,195.09278350515464,185.4742268041237"
529,552,517,502,454,155,223,180,lean left,"241.06185567010309,146.98969072164948,83.28865979381443,73.63917525773196,74.22680412371135,134.82474226804123,195.09278350515464,185.4742268041237"
528,552,517,502,455,155,223,179,lean left,"241.06185567010309,146.98969072164948,83.28865979381443,73.63917525773196,74.22680412371135,134.82474226804123,195.09278350515464,185.4742268041237"
529,552,518,502,455,154,223,179,lean left,"241.06185567010309,146.98969072164948,83.28865979381443,73.63917525773196,74.22680412371135,134.82474226804123,195.09278350515464,185.4742268041237"
529,552,517,502,456,156,223,179,lean left,"241.06185567010309,146.98969072164948,83.28865979381443,73.63917525773196,74.22680412371135,134.82474226804123,195.09278350515464,185.4742268041237"
528,554,518,502,456,156,223,180,lean left,"241.06185567010309,146.98969072164948,83.28865979381443,73.63917525773196,74.22680412371135,134.82474226804123,195.09278350515464,185.4742268041237"
528,553,517,502,456,156,222,180,lean left,"241.06185567010309,146.98969072164948,83.28865979381443,73.63917525773196,74.22680412371135,134.82474226804123,195.09278350515464,185.4742268041237"
529,554,518,503,458,156,224,180,lean left,"241.06185567010309,146.98969072164948,83.28865979381443,73.63917525773196,74.22680412371135,134.82474226804123,195.09278350515464,185.4742268041237"
529,554,520,503,458,156,223,180,lean left,"241.06185567010309,146.98969072164948,83.28865979381443,73.63917525773196,74.22680412371135,134.82474226804123,195.09278350515464,185.4742268041237"
528,554,519,503,458,156,223,179,lean left,"241.06185567010309,146.98969072164948,83.28865979381443,73.63917525773196,74.22680412371135,134.82474226804123,195.09278350515464,185.4742268041237"
528,554,520,503,459,156,223,179,lean left,"241.06185567010309,146.98969072164948,83.28865979381443,73.63917525773196,74.22680412371135,134.82474226804123,195.09278350515464,185.4742268041237"
528,554,520,503,458,156,223,180,lean left,"241.06185567010309,146.98969072164948,83.28865979381443,73.63917525773196,74.22680412371135,134.82474226804123,195.09278350515464,185.4742268041237"
528,553,521,503,459,156,223,180,lean left,"241.06185567010309,146.98969072164948,83.28865979381443,73.63917525773196,74.22680412371135,134.82474226804123,195.09278350515464,185.4742268041237"
529,553,519,502,459,156,223,180,lean left,"241.06185567010309,146.98969072164948,83.28865979381443,73.63917525773196,74.22680412371135,134.82474226804123,195.09278350515464,185.4742268041237"
528,554,518,503,460,157,222,180,lean left,"241.06185567010309,146.98969072164948,83.28865979381443,73.63917525773196,74.22680412371135,134.82474226804123,195.09278350515464,185.4742268041237"
528,554,517,503,460,157,223,179,lean left,"241.06185567010309,146.98969072164948,83.28865979381443,73.63917525773196,74.22680412371135,134.82474226804123,195.09278350515464,185.4742268041237"
527,553,517,503,459,158,221,178,lean left,"241.06185567010309,146.98969072164948,83.28865979381443,73.63917525773196,74.22680412371135,134.82474226804123,195.09278350515464,185.4742268041237"
527,553,515,502,458,158,222,180,lean left,"241.06185567010309,146.98969072164948,83.28865979381443,73.63917525773196,74.22680412371135,134.82474226804123,195.09278350515464,185.4742268041237"
529,554,517,503,458,159,223,180,lean left,"241.06185567010309,146.98969072164948,83.28865979381443,73.63917525773196,74.22680412371135,134.82474226804123,195.09278350515464,185.4742268041237"
527,554,519,503,456,160,222,180,lean left,"241.06185567010309,146.98969072164948,83.28865979381443,73.63917525773196,74.22680412371135,134.82474226804123,195.09278350515464,185.4742268041237"
527,553,519,503,457,160,221,179,lean left,"241.06185567010309,146.98969072164948,83.28865979381443,73.63917525773196,74.22680412371135,134.82474226804123,195.09278350515464,185.4742268041237"
528,553,518,502,455,160,221,179,lean left,"241.06185567010309,146.98969072164948,83.28865979381443,73.63917525773196,74.22680412371135,134.82474226804123,195.09278350515464,185.4742268041237"
527,554,519,503,456,160,221,179,lean left,"241.06185567010309,146.98969072164948,83.28865979381443,73.63917525773196,74.22680412371135,134.82474226804123,195.09278350515464,185.4742268041237"
528,554,518,503,454,160,221,180,lean left,"241.06185567010309,146.98969072164948,83.28865979381443,73.63917525773196,74.22680412371135,134.82474226804123,195.09278350515464,185.4742268041237"
528,554,516,503,454,160,221,180,lean left,"241.06185567010309,146.98969072164948,83.28865979381443,73.63917525773196,74.22680412371135,134.82474226804123,195.09278350515464,185.4742268041237"
527,553,514,503,455,161,220,180,lean left,"241.06185567010309,146.98969072164948,83.28865979381443,73.63917525773196,74.22680412371135,134.82474226804123,195.09278350515464,185.4742268041237"
527,553,517,503,456,162,219,180,lean left,"241.06185567010309,146.98969072164948,83.28865979381443,73.63917525773196,74.22680412371135,134.82474226804123,195.09278350515464,185.4742268041237"
527,554,519,502,456,162,219,180,lean left,"241.06185567010309,146.98969072164948,83.28865979381443,73.63917525773196,74.22680412371135,134.82474226804123,195.09278350515464,185.4742268041237"
527,552,517,502,455,161,219,180,lean left,"241.06185567010309,146.98969072164948,83.28865979381443,73.63917525773196,74.22680412371135,134.82474226804123,195.09278350515464,185.4742268041237"
527,553,519,502,456,163,220,180,lean left,"241.06185567010309,146.98969072164948,83.28865979381443,73.63917525773196,74.22680412371135,134.82474226804123,195.09278350515464,185.4742268041237"
527,553,517,502,455,162,220,179,lean left,"241.06185567010309,146.98969072164948,83.28865979381443,73.63917525773196,74.22680412371135,134.82474226804123,195.09278350515464,185.4742268041237"
527,553,519,502,454,162,219,179,lean left,"241.06185567010309,146.98969072164948,83.28865979381443,73.63917525773196,74.22680412371135,134.82474226804123,195.09278350515464,185.4742268041237"
527,553,519,503,453,162,219,179,lean left,"241.06185567010309,146.98969072164948,83.28865979381443,73.63917525773196,74.22680412371135,134.82474226804123,195.09278350515464,185.4742268041237"
527,553,519,502,453,162,219,179,lean left,"241.06185567010309,146.98969072164948,83.28865979381443,73.63917525773196,74.22680412371135,134.82474226804123,195.09278350515464,185.4742268041237"
526,553,516,502,450,163,220,179,lean left,"241.06185567010309,146.98969072164948,83.28865979381443,73.63917525773196,74.22680412371135,134.82474226804123,195.09278350515464,185.4742268041237"
527,553,517,502,452,162,220,179,lean left,"241.06185567010309,146.98969072164948,83.28865979381443,73.63917525773196,74.22680412371135,134.82474226804123,195.09278350515464,185.4742268041237"
526,552,517,503,453,164,221,180,lean left,"241.06185567010309,146.98969072164948,83.28865979381443,73.63917525773196,74.22680412371135,134.82474226804123,195.09278350515464,185.4742268041237"
527,554,520,503,453,165,220,180,lean left,"241.06185567010309,146.98969072164948,83.28865979381443,73.63917525773196,74.22680412371135,134.82474226804123,195.09278350515464,185.4742268041237"
527,553,514,502,453,166,220,180,lean left,"241.06185567010309,146.98969072164948,83.28865979381443,73.63917525773196,74.22680412371135,134.82474226804123,195.09278350515464,185.4742268041237"
527,553,514,502,454,167,221,181,lean left,"241.06185567010309,146.98969072164948,83.28865979381443,73.63917525773196,74.22680412371135,134.82474226804123,195.09278350515464,185.4742268041237"
527,554,521,502,455,166,220,181,lean left,"241.06185567010309,146.98969072164948,83.28865979381443,73.63917525773196,74.22680412371135,134.82474226804123,195.09278350515464,185.4742268041237"
527,553,521,502,455,165,220,181,lean left,"241.06185567010309,146.98969072164948,83.28865979381443,73.63917525773196,74.22680412371135,134.82474226804123,195.09278350515464,185.4742268041237"
526,553,521,503,455,166,220,181,lean left,"241.06185567010309,146.98969072164948,83.28865979381443,73.63917525773196,74.22680412371135,134.82474226804123,195.09278350515464,185.4742268041237"
527,554,521,503,457,166,220,181,lean left,"241.06185567010309,146.98969072164948,83.28865979381443,73.63917525773196,74.22680412371135,134.82474226804123,195.09278350515464,185.4742268041237"
527,554,520,502,456,166,219,180,lean left,"241.06185567010309,146.98969072164948,83.28865979381443,73.63917525773196,74.22680412371135,134.82474226804123,195.09278350515464,185.4742268041237"
526,553,521,502,457,167,219,180,lean left,"241.06185567010309,146.98969072164948,83.28865979381443,73.63917525773196,74.22680412371135,134.82474226804123,195.09278350515464,185.4742268041237"
527,553,520,503,457,167,220,180,lean left,"241.06185567010309,146.98969072164948,83.28865979381443,73.63917525773196,74.22680412371135,134.82474226804123,195.09278350515464,185.4742268041237"
527,553,521,502,457,167,220,179,lean left,"241.06185567010309,146.98969072164948,83.28865979381443,73.63917525773196,74.22680412371135,134.82474226804123,195.09278350515464,185.4742268041237"
527,554,520,503,458,167,221,180,lean left,"241.06185567010309,146.98969072164948,83.28865979381443,73.63917525773196,74.22680412371135,134.82474226804123,195.09278350515464,185.4742268041237"
527,553,521,502,458,166,221,180,lean left,"241.06185567010309,146.98969072164948,83.28865979381443,73.63917525773196,74.22680412371135,134.82474226804123,195.09278350515464,185.4742268041237"
527,553,521,502,458,166,221,180,lean left,"241.06185567010309,146.98969072164948,83.28865979381443,73.63917525773196,74.22680412371135,134.82474226804123,195.09278350515464,185.4742268041237"
528,553,521,502,457,168,221,180,lean left,"241.06185567010309,146.98969072164948,83.28865979381443,73.63917525773196,74.22680412371135,134.82474226804123,195.09278350515464,185.4742268041237"
528,553,522,503,456,169,221,181,lean left,"241.06185567010309,146.98969072164948,83.28865979381443,73.63917525773196,74.22680412371135,134.82474226804123,195.09278350515464,185.4742268041237"
529,553,522,503,457,169,221,180,lean left,"241.06185567010309,146.98969072164948,83.28865979381443,73.63917525773196,74.22680412371135,134.82474226804123,195.09278350515464,185.4742268041237"
528,553,522,503,458,170,221,180,lean left,"241.06185567010309,146.98969072164948,83.28865979381443,73.63917525773196,74.22680412371135,134.82474226804123,195.09278350515464,185.4742268041237"
527,554,522,502,458,170,220,181,lean left,"241.06185567010309,146.98969072164948,83.28865979381443,73.63917525773196,74.22680412371135,134.82474226804123,195.09278350515464,185.4742268041237"
526,553,522,503,459,170,220,181,lean left,"241.06185567010309,146.98969072164948,83.28865979381443,73.63917525773196,74.22680412371135,134.82474226804123,195.09278350515464,185.4742268041237"
526,553,521,503,458,169,220,181,lean left,"241.06185567010309,146.98969072164948,83.28865979381443,73.63917525773196,74.22680412371135,134.82474226804123,195.09278350515464,185.4742268041237"
526,553,522,503,459,171,220,181,lean left,"241.06185567010309,146.98969072164948,83.28865979381443,73.63917525773196,74.22680412371135,134.82474226804123,195.09278350515464,185.4742268041237"
526,554,521,502,460,172,220,181,lean left,"241.06185567010309,146.98969072164948,83.28865979381443,73.63917525773196,74.22680412371135,134.82474226804123,195.09278350515464,185.4742268041237"
526,553,520,503,459,172,221,181,lean left,"241.06185567010309,146.98969072164948,83.28865979381443,73.63917525773196,74.22680412371135,134.82474226804123,195.09278350515464,185.4742268041237"
526,554,520,503,460,173,221,181,lean left,"241.06185567010309,146.98969072164948,83.28865979381443,73.63917525773196,74.22680412371135,134.82474226804123,195.09278350515464,185.4742268041237"
526,553,520,503,460,172,222,181,lean left,"241.06185567010309,146.98969072164948,83.28865979381443,73.63917525773196,74.22680412371135,134.82474226804123,195.09278350515464,185.4742268041237"
526,554,520,503,460,173,222,181,lean left,"241.06185567010309,146.98969072164948,83.28865979381443,73.63917525773196,74.22680412371135,134.82474226804123,195.09278350515464,185.4742268041237"
526,554,520,504,459,173,222,181,lean left,"241.06185567010309,146.98969072164948,83.28865979381443,73.63917525773196,74.22680412371135,134.82474226804123,195.09278350515464,185.4742268041237"
526,554,520,503,460,174,223,181,lean left,"241.06185567010309,146.98969072164948,83.28865979381443,73.63917525773196,74.22680412371135,134.82474226804123,195.09278350515464,185.4742268041237"
525,553,519,503,458,174,222,181,lean left,"241.06185567010309,146.98969072164948,83.28865979381443,73.63917525773196,74.22680412371135,134.82474226804123,195.09278350515464,185.4742268041237"
526,553,519,503,459,174,222,181,lean left,"241.06185567010309,146.98969072164948,83.28865979381443,73.63917525773196,74.22680412371135,134.82474226804123,195.09278350515464,185.4742268041237"
526,554,520,503,460,175,223,180,lean left,"241.06185567010309,146.98969072164948,83.28865979381443,73.63917525773196,74.22680412371135,134.82474226804123,195.09278350515464,185.4742268041237"
526,553,519,503,460,175,223,181,lean left,"241.06185567010309,146.98969072164948,83.28865979381443,73.63917525773196,74.22680412371135,134.82474226804123,195.09278350515464,185.4742268041237"
526,553,519,503,460,176,223,181,lean left,"241.06185567010309,146.98969072164948,83.28865979381443,73.63917525773196,74.22680412371135,134.82474226804123,195.09278350515464,185.4742268041237"
526,553,520,502,461,176,223,181,lean left,"241.06185567010309,146.98969072164948,83.28865979381443,73.63917525773196,74.22680412371135,134.82474226804123,195.09278350515464,185.4742268041237"
525,553,520,502,461,177,223,181,lean left,"241.06185567010309,146.98969072164948,83.28865979381443,73.63917525773196,74.22680412371135,134.82474226804123,195.09278350515464,185.4742268041237"
525,553,520,502,462,177,224,181,lean left,"241.06185567010309,146.98969072164948,83.28865979381443,73.63917525773196,74.22680412371135,134.82474226804123,195.09278350515464,185.4742268041237"
526,554,518,504,463,177,223,182,lean left,"241.06185567010309,146.98969072164948,83.28865979381443,73.63917525773196,74.22680412371135,134.82474226804123,195.09278350515464,185.4742268041237"
526,553,519,503,463,178,224,182,lean left,"241.06185567010309,146.98969072164948,83.28865979381443,73.63917525773196,74.22680412371135,134.82474226804123,195.09278350515464,185.4742268041237"
525,553,519,503,463,178,224,181,lean left,"241.06185567010309,146.98969072164948,83.28865979381443,73.63917525773196,74.22680412371135,134.82474226804123,195.09278350515464,185.4742268041237"
525,554,518,504,463,178,224,182,lean left,"241.06185567010309,146.98969072164948,83.28865979381443,73.63917525773196,74.22680412371135,134.82474226804123,195.09278350515464,185.4742268041237"
526,555,519,503,463,178,224,182,lean left,"241.06185567010309,146.98969072164948,83.28865979381443,73.63917525773196,74.22680412371135,134.82474226804123,195.09278350515464,185.4742268041237"
526,554,519,504,464,179,224,182,lean left,"241.06185567010309,146.98969072164948,83.28865979381443,73.63917525773196,74.22680412371135,134.82474226804123,195.09278350515464,185.4742268041237"
526,554,519,504,464,179,224,182,lean left,"241.06185567010309,146.98969072164948,83.28865979381443,73.63917525773196,74.22680412371135,134.82474226804123,195.09278350515464,185.4742268041237"
526,554,518,504,464,179,223,181,lean left,"241.06185567010309,146.98969072164948,83.28865979381443,73.63917525773196,74.22680412371135,134.82474226804123,195.09278350515464,185.4742268041237"
526,554,519,503,465,179,224,182,lean left,"241.06185567010309,146.98969072164948,83.28865979381443,73.63917525773196,74.22680412371135,134.82474226804123,195.09278350515464,185.4742268041237"
526,554,518,504,464,178,224,181,lean left,"241.06185567010309,146.98969072164948,83.28865979381443,73.63917525773196,74.22680412371135,134.82474226804123,195.09278350515464,185.4742268041237"
527,555,517,504,465,178,224,182,lean left,"241.06185567010309,146.98969072164948,83.28865979381443,73.63917525773196,74.22680412371135,134.82474226804123,195.09278350515464,185.4742268041237"
527,555,518,505,465,178,224,181,lean left,"241.06185567010309,146.98969072164948,83.28865979381443,73.63917525773196,74.22680412371135,134.82474226804123,195.09278350515464,185.4742268041237"
526,553,518,504,465,178,224,182,lean left,"241.06185567010309,146.98969072164948,83.28865979381443,73.63917525773196,74.22680412371135,134.82474226804123,195.09278350515464,185.4742268041237"
525,554,518,504,465,178,224,182,lean left,"241.06185567010309,146.98969072164948,83.28865979381443,73.63917525773196,74.22680412371135,134.82474226804123,195.09278350515464,185.4742268041237"
527,555,519,505,465,179,224,182,lean left,"241.06185567010309,146.98969072164948,83.28865979381443,73.63917525773196,74.22680412371135,134.82474226804123,195.09278350515464,185.4742268041237"
527,555,520,504,465,179,224,182,lean left,"241.06185567010309,146.98969072164948,83.28865979381443,73.63917525773196,74.22680412371135,134.82474226804123,195.09278350515464,185.4742268041237"
527,555,519,505,465,178,223,182,lean left,"241.06185567010309,146.98969072164948,83.28865979381443,73.63917525773196,74.22680412371135,134.82474226804123,195.09278350515464,185.4742268041237"
527,555,520,505,466,179,224,183,lean left,"241.06185567010309,146.98969072164948,83.28865979381443,73.63917525773196,74.22680412371135,134.82474226804123,195.09278350515464,185.4742268041237"
526,555,519,504,466,178,224,182,lean left,"241.06185567010309,146.98969072164948,83.28865979381443,73.63917525773196,74.22680412371135,134.82474226804123,195.09278350515464,185.4742268041237"
526,554,520,504,466,178,223,182,lean left,"241.06185567010309,146.98969072164948,83.28865979381443,73.63917525773196,74.22680412371135,134.82474226804123,195.09278350515464,185.4742268041237"
527,554,520,504,466,179,224,182,lean left,"241.06185567010309,146.98969072164948,83.28865979381443,73.63917525773196,74.22680412371135,134.82474226804123,195.09278350515464,185.4742268041237"
526,554,520,504,467,180,224,182,lean left,"241.06185567010309,146.98969072164948,83.28865979381443,73.63917525773196,74.22680412371135,134.82474226804123,195.09278350515464,185.4742268041237"
527,555,520,505,466,180,224,183,lean left,"241.06185567010309,146.98969072164948,83.28865979381443,73.63917525773196,74.22680412371135,134.82474226804123,195.09278350515464,185.4742268041237"
527,555,520,505,466,180,225,182,lean left,"241.06185567010309,146.98969072164948,83.28865979381443,73.63917525773196,74.22680412371135,134.82474226804123,195.09278350515464,185.4742268041237"
527,555,520,504,466,180,224,182,lean left,"241.06185567010309,146.98969072164948,83.28865979381443,73.63917525773196,74.22680412371135,134.82474226804123,195.09278350515464,185.4742268041237"
527,555,520,505,465,178,224,182,lean left,"241.06185567010309,146.98969072164948,83.28865979381443,73.63917525773196,74.22680412371135,134.82474226804123,195.09278350515464,185.4742268041237"
526,554,520,504,465,179,224,182,lean left,"241.06185567010309,146.98969072164948,83.28865979381443,73.63917525773196,74.22680412371135,134.82474226804123,195.09278350515464,185.4742268041237"
527,554,519,504,464,179,224,182,lean left,"241.06185567010309,146.98969072164948,83.28865979381443,73.63917525773196,74.22680412371135,134.82474226804123,195.09278350515464,185.4742268041237"
527,555,519,504,464,179,224,183,lean left,"241.06185567010309,146.98969072164948,83.28865979381443,73.63917525773196,74.22680412371135,134.82474226804123,195.09278350515464,185.4742268041237"
527,555,519,504,464,179,224,182,lean left,"241.06185567010309,146.98969072164948,83.28865979381443,73.63917525773196,74.22680412371135,134.82474226804123,195.09278350515464,185.4742268041237"
527,554,519,504,464,179,224,182,lean left,"241.06185567010309,146.98969072164948,83.28865979381443,73.63917525773196,74.22680412371135,134.82474226804123,195.09278350515464,185.4742268041237"
527,555,519,505,463,179,224,182,lean left,"241.06185567010309,146.98969072164948,83.28865979381443,73.63917525773196,74.22680412371135,134.82474226804123,195.09278350515464,185.4742268041237"
527,554,519,504,464,179,224,181,lean left,"241.06185567010309,146.98969072164948,83.28865979381443,73.63917525773196,74.22680412371135,134.82474226804123,195.09278350515464,185.4742268041237"
527,554,519,504,463,179,223,182,lean left,"241.06185567010309,146.98969072164948,83.28865979381443,73.63917525773196,74.22680412371135,134.82474226804123,195.09278350515464,185.4742268041237"
527,555,519,504,464,179,223,182,lean left,"241.06185567010309,146.98969072164948,83.28865979381443,73.63917525773196,74.22680412371135,134.82474226804123,195.09278350515464,185.4742268041237"
528,555,520,505,464,178,224,182,lean left,"241.06185567010309,146.98969072164948,83.28865979381443,73.63917525773196,74.22680412371135,134.82474226804123,195.09278350515464,185.4742268041237"
527,554,519,503,464,178,224,182,lean left,"241.06185567010309,146.98969072164948,83.28865979381443,73.63917525773196,74.22680412371135,134.82474226804123,195.09278350515464,185.4742268041237"
526,554,519,504,464,178,224,182,lean left,"241.06185567010309,146.98969072164948,83.28865979381443,73.63917525773196,74.22680412371135,134.82474226804123,195.09278350515464,185.4742268041237"
527,554,519,504,465,178,224,182,lean left,"241.06185567010309,146.98969072164948,83.28865979381443,73.63917525773196,74.22680412371135,134.82474226804123,195.09278350515464,185.4742268041237"
526,554,519,504,465,179,224,182,lean left,"241.06185567010309,146.98969072164948,83.28865979381443,73.63917525773196,74.22680412371135,134.82474226804123,195.09278350515464,185.4742268041237"
527,553,519,503,465,178,223,182,lean left,"241.06185567010309,146.98969072164948,83.28865979381443,73.63917525773196,74.22680412371135,134.82474226804123,195.09278350515464,185.4742268041237"
527,554,518,504,464,179,223,182,lean left,"241.06185567010309,146.98969072164948,83.28865979381443,73.63917525773196,74.22680412371135,134.82474226804123,195.09278350515464,185.4742268041237"
527,555,519,504,465,179,224,182,lean left,"241.06185567010309,146.98969072164948,83.28865979381443,73.63917525773196,74.22680412371135,134.82474226804123,195.09278350515464,185.4742268041237"
527,554,519,504,464,179,223,182,lean left,"241.06185567010309,146.98969072164948,83.28865979381443,73.63917525773196,74.22680412371135,134.82474226804123,195.09278350515464,185.4742268041237"
526,555,518,504,465,178,223,182,lean left,"241.06185567010309,146.98969072164948,83.28865979381443,73.63917525773196,74.22680412371135,134.82474226804123,195.09278350515464,185.4742268041237"
527,554,518,504,465,177,224,182,lean left,"241.06185567010309,146.98969072164948,83.28865979381443,73.63917525773196,74.22680412371135,134.82474226804123,195.09278350515464,185.4742268041237"
528,555,519,505,465,177,224,182,lean left,"241.06185567010309,146.98969072164948,83.28865979381443,73.63917525773196,74.22680412371135,134.82474226804123,195.09278350515464,185.4742268041237"
527,553,518,504,465,177,224,182,lean left,"241.06185567010309,146.98969072164948,83.28865979381443,73.63917525773196,74.22680412371135,134.82474226804123,195.09278350515464,185.4742268041237"
527,554,519,505,465,177,224,182,lean left,"241.06185567010309,146.98969072164948,83.28865979381443,73.63917525773196,74.22680412371135,134.82474226804123,195.09278350515464,185.4742268041237"
528,555,518,505,466,177,224,183,lean left,"241.06185567010309,146.98969072164948,83.28865979381443,73.63917525773196,74.22680412371135,134.82474226804123,195.09278350515464,185.4742268041237"
528,554,519,506,466,177,224,182,lean left,"241.06185567010309,146.98969072164948,83.28865979381443,73.63917525773196,74.22680412371135,134.82474226804123,195.09278350515464,185.4742268041237"
528,555,519,505,466,177,224,183,lean left,"241.06185567010309,146.98969072164948,83.28865979381443,73.63917525773196,74.22680412371135,134.82474226804123,195.09278350515464,185.4742268041237"
527,554,518,505,467,177,224,182,lean left,"241.06185567010309,146.98969072164948,83.28865979381443,73.63917525773196,74.22680412371135,134.82474226804123,195.09278350515464,185.4742268041237"
527,554,519,505,466,177,224,183,lean left,"241.06185567010309,146.98969072164948,83.28865979381443,73.63917525773196,74.22680412371135,134.82474226804123,195.09278350515464,185.4742268041237"
527,554,519,505,467,176,224,182,lean left,"241.06185567010309,146.98969072164948,83.28865979381443,73.63917525773196,74.22680412371135,134.82474226804123,195.09278350515464,185.4742268041237"
528,554,519,504,466,177,224,183,lean left,"241.06185567010309,146.98969072164948,83.28865979381443,73.63917525773196,74.22680412371135,134.82474226804123,195.09278350515464,185.4742268041237"
527,554,518,504,466,177,224,183,lean left,"241.06185567010309,146.98969072164948,83.28865979381443,73.63917525773196,74.22680412371135,134.82474226804123,195.09278350515464,185.4742268041237"
528,554,519,505,467,178,224,183,lean left,"241.06185567010309,146.98969072164948,83.28865979381443,73.63917525773196,74.22680412371135,134.82474226804123,195.09278350515464,185.4742268041237"
528,554,519,504,466,178,224,182,lean left,"241.06185567010309,146.98969072164948,83.28865979381443,73.63917525773196,74.22680412371135,134.82474226804123,195.09278350515464,185.4742268041237"
527,554,520,505,466,178,224,182,lean left,"241.06185567010309,146.98969072164948,83.28865979381443,73.63917525773196,74.22680412371135,134.82474226804123,195.09278350515464,185.4742268041237"
527,553,520,504,466,178,224,182,lean left,"241.06185567010309,146.98969072164948,83.28865979381443,73.63917525773196,74.22680412371135,134.82474226804123,195.09278350515464,185.4742268041237"
528,554,519,505,466,178,224,182,lean left,"241.06185567010309,146.98969072164948,83.28865979381443,73.63917525773196,74.22680412371135,134.82474226804123,195.09278350515464,185.4742268041237"
528,554,520,505,466,178,224,182,lean left,"241.06185567010309,146.98969072164948,83.28865979381443,73.63917525773196,74.22680412371135,134.82474226804123,195.09278350515464,185.4742268041237"
528,553,520,505,465,179,224,181,lean left,"241.06185567010309,146.98969072164948,83.28865979381443,73.63917525773196,74.22680412371135,134.82474226804123,195.09278350515464,185.4742268041237"
528,554,520,505,465,179,224,180,lean left,"241.06185567010309,146.98969072164948,83.28865979381443,73.63917525773196,74.22680412371135,134.82474226804123,195.09278350515464,185.4742268041237"
528,554,520,505,465,178,224,181,lean left,"241.06185567010309,146.98969072164948,83.28865979381443,73.63917525773196,74.22680412371135,134.82474226804123,195.09278350515464,185.4742268041237"
528,554,521,504,465,178,224,180,lean left,"241.06185567010309,146.98969072164948,83.28865979381443,73.63917525773196,74.22680412371135,134.82474226804123,195.09278350515464,185.4742268041237"
528,554,522,505,465,178,224,181,lean left,"241.06185567010309,146.98969072164948,83.28865979381443,73.63917525773196,74.22680412371135,134.82474226804123,195.09278350515464,185.4742268041237"
527,554,521,504,464,178,224,181,lean left,"241.06185567010309,146.98969072164948,83.28865979381443,73.63917525773196,74.22680412371135,134.82474226804123,195.09278350515464,185.4742268041237"
527,553,522,504,463,178,224,181,lean left,"241.06185567010309,146.98969072164948,83.28865979381443,73.63917525773196,74.22680412371135,134.82474226804123,195.09278350515464,185.4742268041237"
527,553,523,505,463,177,225,181,lean left,"241.06185567010309,146.98969072164948,83.28865979381443,73.63917525773196,74.22680412371135,134.82474226804123,195.09278350515464,185.4742268041237"
527,553,522,505,463,177,224,181,lean left,"241.06185567010309,146.98969072164948,83.28865979381443,73.63917525773196,74.22680412371135,134.82474226804123,195.09278350515464,185.4742268041237"
527,553,523,505,463,178,224,181,lean left,"241.06185567010309,146.98969072164948,83.28865979381443,73.63917525773196,74.22680412371135,134.82474226804123,195.09278350515464,185.4742268041237"
527,553,523,504,463,177,224,181,lean left,"241.06185567010309,146.98969072164948,83.28865979381443,73.63917525773196,74.22680412371135,134.82474226804123,195.09278350515464,185.4742268041237"
528,554,524,505,463,177,224,181,lean left,"241.06185567010309,146.98969072164948,83.28865979381443,73.63917525773196,74.22680412371135,134.82474226804123,195.09278350515464,185.4742268041237"
527,554,523,504,463,176,225,180,lean left,"241.06185567010309,146.98969072164948,83.28865979381443,73.63917525773196,74.22680412371135,134.82474226804123,195.09278350515464,185.4742268041237"
528,554,523,505,463,177,224,179,lean left,"241.06185567010309,146.98969072164948,83.28865979381443,73.63917525773196,74.22680412371135,134.82474226804123,195.09278350515464,185.4742268041237"
528,553,525,505,463,177,224,180,lean left,"241.06185567010309,146.98969072164948,83.28865979381443,73.63917525773196,74.22680412371135,134.82474226804123,195.09278350515464,185.4742268041237"
528,554,525,505,463,178,224,180,lean left,"241.06185567010309,146.98969072164948,83.28865979381443,73.63917525773196,74.22680412371135,134.82474226804123,195.09278350515464,185.4742268041237"
528,553,524,505,462,179,225,180,lean left,"241.06185567010309,146.98969072164948,83.28865979381443,73.63917525773196,74.22680412371135,134.82474226804123,195.09278350515464,185.4742268041237"
527,553,524,505,462,179,224,180,lean left,"241.06185567010309,146.98969072164948,83.28865979381443,73.63917525773196,74.22680412371135,134.82474226804123,195.09278350515464,185.4742268041237"
528,553,525,505,463,179,224,179,lean left,"241.06185567010309,146.98969072164948,83.28865979381443,73.63917525773196,74.22680412371135,134.82474226804123,195.09278350515464,185.4742268041237"
528,554,525,506,462,179,224,179,lean left,"241.06185567010309,146.98969072164948,83.28865979381443,73.63917525773196,74.22680412371135,134.82474226804123,195.09278350515464,185.4742268041237"
528,553,524,505,462,179,224,179,lean left,"241.06185567010309,146.98969072164948,83.28865979381443,73.63917525773196,74.22680412371135,134.82474226804123,195.09278350515464,185.4742268041237"
527,553,525,505,462,178,224,179,lean left,"241.06185567010309,146.98969072164948,83.28865979381443,73.63917525773196,74.22680412371135,134.82474226804123,195.09278350515464,185.4742268041237"
527,553,524,505,463,179,225,180,lean left,"241.06185567010309,146.98969072164948,83.28865979381443,73.63917525773196,74.22680412371135,134.82474226804123,195.09278350515464,185.4742268041237"
527,553,524,505,463,179,224,180,lean left,"241.06185567010309,146.98969072164948,83.28865979381443,73.63917525773196,74.22680412371135,134.82474226804123,195.09278350515464,185.4742268041237"
527,554,524,504,462,179,224,180,lean left,"241.06185567010309,146.98969072164948,83.28865979381443,73.63917525773196,74.22680412371135,134.82474226804123,195.09278350515464,185.4742268041237"
528,554,524,505,461,179,224,179,lean left,"241.06185567010309,146.98969072164948,83.28865979381443,73.63917525773196,74.22680412371135,134.82474226804123,195.09278350515464,185.4742268041237"
528,554,523,505,462,179,223,179,lean left,"241.06185567010309,146.98969072164948,83.28865979381443,73.63917525773196,74.22680412371135,134.82474226804123,195.09278350515464,185.4742268041237"
528,554,524,506,462,180,224,180,lean left,"241.06185567010309,146.98969072164948,83.28865979381443,73.63917525773196,74.22680412371135,134.82474226804123,195.09278350515464,185.4742268041237"
528,554,523,506,462,180,223,179,lean left,"241.06185567010309,146.98969072164948,83.28865979381443,73.63917525773196,74.22680412371135,134.82474226804123,195.09278350515464,185.4742268041237"
528,554,523,505,462,180,223,179,lean left,"241.06185567010309,146.98969072164948,83.28865979381443,73.63917525773196,74.22680412371135,134.82474226804123,195.09278350515464,185.4742268041237"
527,554,520,506,460,180,223,179,lean left,"241.06185567010309,146.98969072164948,83.28865979381443,73.63917525773196,74.22680412371135,134.82474226804123,195.09278350515464,185.4742268041237"
528,554,518,506,461,180,223,179,lean left,"241.06185567010309,146.98969072164948,83.28865979381443,73.63917525773196,74.22680412371135,134.82474226804123,195.09278350515464,185.4742268041237"
528,554,516,505,460,180,223,180,lean left,"241.06185567010309,146.98969072164948,83.28865979381443,73.63917525773196,74.22680412371135,134.82474226804123,195.09278350515464,185.4742268041237"
528,553,516,506,460,181,223,180,lean left,"241.06185567010309,146.98969072164948,83.28865979381443,73.63917525773196,74.22680412371135,134.82474226804123,195.09278350515464,185.4742268041237"
528,554,516,505,460,181,223,180,lean left,"241.06185567010309,146.98969072164948,83.28865979381443,73.63917525773196,74.22680412371135,134.82474226804123,195.09278350515464,185.4742268041237"
527,554,518,506,459,182,222,179,lean left,"241.06185567010309,146.98969072164948,83.28865979381443,73.63917525773196,74.22680412371135,134.82474226804123,195.09278350515464,185.4742268041237"
528,555,513,505,459,182,223,180,lean left,"241.06185567010309,146.98969072164948,83.28865979381443,73.63917525773196,74.22680412371135,134.82474226804123,195.09278350515464,185.4742268041237"
527,555,515,506,459,181,224,180,lean left,"241.06185567010309,146.98969072164948,83.28865979381443,73.63917525773196,74.22680412371135,134.82474226804123,195.09278350515464,185.4742268041237"
528,555,515,506,459,181,223,180,lean left,"241.06185567010309,146.98969072164948,83.28865979381443,73.63917525773196,74.22680412371135,134.82474226804123,195.09278350515464,185.4742268041237"
529,555,516,507,458,181,224,180,lean left,"241.06185567010309,146.98969072164948,83.28865979381443,73.63917525773196,74.22680412371135,134.82474226804123,195.09278350515464,185.4742268041237"
529,555,515,506,458,182,224,181,lean left,"241.06185567010309,146.98969072164948,83.28865979381443,73.63917525773196,74.22680412371135,134.82474226804123,195.09278350515464,185.4742268041237"
529,555,515,507,459,181,224,180,lean left,"241.06185567010309,146.98969072164948,83.28865979381443,73.63917525773196,74.22680412371135,134.82474226804123,195.09278350515464,185.4742268041237"
528,555,515,506,459,181,223,180,lean left,"241.06185567010309,146.98969072164948,83.28865979381443,73.63917525773196,74.22680412371135,134.82474226804123,195.09278350515464,185.4742268041237"
529,554,517,507,460,181,224,180,lean left,"241.06185567010309,146.98969072164948,83.28865979381443,73.63917525773196,74.22680412371135,134.82474226804123,195.09278350515464,185.4742268041237"
528,555,517,507,460,179,225,180,lean left,"241.06185567010309,146.98969072164948,83.28865979381443,73.63917525773196,74.22680412371135,134.82474226804123,195.09278350515464,185.4742268041237"
528,555,517,506,459,179,224,181,lean left,"241.06185567010309,146.98969072164948,83.28865979381443,73.63917525773196,74.22680412371135,134.82474226804123,195.09278350515464,185.4742268041237"
529,555,511,507,459,178,223,180,lean left,"241.06185567010309,146.98969072164948,83.28865979381443,73.63917525773196,74.22680412371135,134.82474226804123,195.09278350515464,185.4742268041237"
528,554,515,507,459,177,222,180,lean left,"241.06185567010309,146.98969072164948,83.28865979381443,73.63917525773196,74.22680412371135,134.82474226804123,195.09278350515464,185.4742268041237"
529,555,520,506,459,177,223,180,lean left,"241.06185567010309,146.98969072164948,83.28865979381443,73.63917525773196,74.22680412371135,134.82474226804123,195.09278350515464,185.4742268041237"
529,555,522,506,459,177,223,180,lean left,"241.06185567010309,146.98969072164948,83.28865979381443,73.63917525773196,74.22680412371135,134.82474226804123,195.09278350515464,185.4742268041237"
529,554,523,506,460,177,223,180,lean left,"241.06185567010309,146.98969072164948,83.28865979381443,73.63917525773196,74.22680412371135,134.82474226804123,195.09278350515464,185.4742268041237"
528,554,523,506,460,178,223,180,lean left,"241.06185567010309,146.98969072164948,83.28865979381443,73.63917525773196,74.22680412371135,134.82474226804123,195.09278350515464,185.4742268041237"
528,555,524,506,461,178,223,180,lean left,"241.06185567010309,146.98969072164948,83.28865979381443,73.63917525773196,74.22680412371135,134.82474226804123,195.09278350515464,185.4742268041237"
528,555,524,506,461,179,223,179,lean left,"241.06185567010309,146.98969072164948,83.28865979381443,73.63917525773196,74.22680412371135,134.82474226804123,195.09278350515464,185.4742268041237"
529,556,525,507,461,179,223,180,lean left,"241.06185567010309,146.98969072164948,83.28865979381443,73.63917525773196,74.22680412371135,134.82474226804123,195.09278350515464,185.4742268041237"
529,555,524,506,461,180,223,180,lean left,"241.06185567010309,146.98969072164948,83.28865979381443,73.63917525773196,74.22680412371135,134.82474226804123,195.09278350515464,185.4742268041237"
528,556,525,506,461,180,223,180,lean left,"241.06185567010309,146.98969072164948,83.28865979381443,73.63917525773196,74.22680412371135,134.82474226804123,195.09278350515464,185.4742268041237"
528,555,524,506,461,180,223,180,lean left,"241.06185567010309,146.98969072164948,83.28865979381443,73.63917525773196,74.22680412371135,134.82474226804123,195.09278350515464,185.4742268041237"
529,556,525,506,461,179,223,179,lean left,"241.06185567010309,146.98969072164948,83.28865979381443,73.63917525773196,74.22680412371135,134.82474226804123,195.09278350515464,185.4742268041237"
528,555,524,505,460,179,223,179,lean left,"241.06185567010309,146.98969072164948,83.28865979381443,73.63917525773196,74.22680412371135,134.82474226804123,195.09278350515464,185.4742268041237"
528,555,526,506,460,180,224,180,lean left,"241.06185567010309,146.98969072164948,83.28865979381443,73.63917525773196,74.22680412371135,134.82474226804123,195.09278350515464,185.4742268041237"
528,556,525,506,459,180,224,179,lean left,"241.06185567010309,146.98969072164948,83.28865979381443,73.63917525773196,74.22680412371135,134.82474226804123,195.09278350515464,185.4742268041237"
528,555,525,506,460,180,224,178,lean left,"241.06185567010309,146.98969072164948,83.28865979381443,73.63917525773196,74.22680412371135,134.82474226804123,195.09278350515464,185.4742268041237"
528,555,524,505,459,180,225,178,lean left,"241.06185567010309,146.98969072164948,83.28865979381443,73.63917525773196,74.22680412371135,134.82474226804123,195.09278350515464,185.4742268041237"
528,555,525,505,459,181,224,179,lean left,"241.06185567010309,146.98969072164948,83.28865979381443,73.63917525773196,74.22680412371135,134.82474226804123,195.09278350515464,185.4742268041237"
528,555,524,506,459,181,224,180,lean left,"241.06185567010309,146.98969072164948,83.28865979381443,73.63917525773196,74.22680412371135,134.82474226804123,195.09278350515464,185.4742268041237"
528,555,523,506,460,182,225,180,lean left,"241.06185567010309,146.98969072164948,83.28865979381443,73.63917525773196,74.22680412371135,134.82474226804123,195.09278350515464,185.4742268041237"
528,555,522,506,460,181,224,180,lean left,"241.06185567010309,146.98969072164948,83.28865979381443,73.63917525773196,74.22680412371135,134.82474226804123,195.09278350515464,185.4742268041237"
528,556,522,506,460,181,224,179,lean left,"241.06185567010309,146.98969072164948,83.28865979381443,73.63917525773196,74.22680412371135,134.82474226804123,195.09278350515464,185.4742268041237"
528,555,523,505,459,181,224,180,lean left,"241.06185567010309,146.98969072164948,83.28865979381443,73.63917525773196,74.22680412371135,134.82474226804123,195.09278350515464,185.4742268041237"
528,556,523,506,460,181,224,180,lean left,"241.06185567010309,146.98969072164948,83.28865979381443,73.63917525773196,74.22680412371135,134.82474226804123,195.09278350515464,185.4742268041237"
528,556,522,506,460,181,224,180,lean left,"241.06185567010309,146.98969072164948,83.28865979381443,73.63917525773196,74.22680412371135,134.82474226804123,195.09278350515464,185.4742268041237"
528,556,515,506,460,182,223,179,lean left,"241.06185567010309,146.98969072164948,83.28865979381443,73.63917525773196,74.22680412371135,134.82474226804123,195.09278350515464,185.4742268041237"
528,555,518,505,460,182,223,179,lean left,"241.06185567010309,146.98969072164948,83.28865979381443,73.63917525773196,74.22680412371135,134.82474226804123,195.09278350515464,185.4742268041237"
527,556,517,505,460,182,222,180,lean left,"241.06185567010309,146.98969072164948,83.28865979381443,73.63917525773196,74.22680412371135,134.82474226804123,195.09278350515464,185.4742268041237"
528,556,513,505,460,182,222,179,lean left,"241.06185567010309,146.98969072164948,83.28865979381443,73.63917525773196,74.22680412371135,134.82474226804123,195.09278350515464,185.4742268041237"
528,556,517,506,461,183,222,180,lean left,"241.06185567010309,146.98969072164948,83.28865979381443,73.63917525773196,74.22680412371135,134.82474226804123,195.09278350515464,185.4742268041237"
528,556,518,506,460,183,222,179,lean left,"241.06185567010309,146.98969072164948,83.28865979381443,73.63917525773196,74.22680412371135,134.82474226804123,195.09278350515464,185.4742268041237"
528,556,521,506,460,182,222,179,lean left,"241.06185567010309,146.98969072164948,83.28865979381443,73.63917525773196,74.22680412371135,134.82474226804123,195.09278350515464,185.4742268041237"
528,555,521,506,461,182,222,179,lean left,"241.06185567010309,146.98969072164948,83.28865979381443,73.63917525773196,74.22680412371135,134.82474226804123,195.09278350515464,185.4742268041237"
528,556,520,506,460,182,222,179,lean left,"241.06185567010309,146.98969072164948,83.28865979381443,73.63917525773196,74.22680412371135,134.82474226804123,195.09278350515464,185.4742268041237"
528,555,518,506,461,182,222,179,lean left,"241.06185567010309,146.98969072164948,83.28865979381443,73.63917525773196,74.22680412371135,134.82474226804123,195.09278350515464,185.4742268041237"
527,555,518,505,460,183,222,179,lean left,"241.06185567010309,146.98969072164948,83.28865979381443,73.63917525773196,74.22680412371135,134.82474226804123,195.09278350515464,185.4742268041237"
527,555,517,505,460,183,222,179,lean left,"241.06185567010309,146.98969072164948,83.28865979381443,73.63917525773196,74.22680412371135,134.82474226804123,195.09278350515464,185.4742268041237"
528,554,520,505,460,183,222,180,lean left,"241.06185567010309,146.98969072164948,83.28865979381443,73.63917525773196,74.22680412371135,134.82474226804123,195.09278350515464,185.4742268041237"
527,554,522,504,459,183,222,179,lean left,"241.06185567010309,146.98969072164948,83.28865979381443,73.63917525773196,74.22680412371135,134.82474226804123,195.09278350515464,185.4742268041237"
527,554,521,505,460,183,222,179,lean left,"241.06185567010309,146.98969072164948,83.28865979381443,73.63917525773196,74.22680412371135,134.82474226804123,195.09278350515464,185.4742268041237"
526,554,522,505,460,182,222,179,lean left,"241.06185567010309,146.98969072164948,83.28865979381443,73.63917525773196,74.22680412371135,134.82474226804123,195.09278350515464,185.4742268041237"
526,554,522,504,459,184,222,179,lean left,"241.06185567010309,146.98969072164948,83.28865979381443,73.63917525773196,74.22680412371135,134.82474226804123,195.09278350515464,185.4742268041237"
527,554,523,504,460,184,222,179,lean left,"241.06185567010309,146.98969072164948,83.28865979381443,73.63917525773196,74.22680412371135,134.82474226804123,195.09278350515464,185.4742268041237"
527,555,524,506,461,185,222,180,lean left,"241.06185567010309,146.98969072164948,83.28865979381443,73.63917525773196,74.22680412371135,134.82474226804123,195.09278350515464,185.4742268041237"
526,554,524,505,460,184,222,179,lean left,"241.06185567010309,146.98969072164948,83.28865979381443,73.63917525773196,74.22680412371135,134.82474226804123,195.09278350515464,185.4742268041237"
526,555,524,504,460,184,222,179,lean left,"241.06185567010309,146.98969072164948,83.28865979381443,73.63917525773196,74.22680412371135,134.82474226804123,195.09278350515464,185.4742268041237"
526,554,524,505,460,185,222,180,lean left,"241.06185567010309,146.98969072164948,83.28865979381443,73.63917525773196,74.22680412371135,134.82474226804123,195.09278350515464,185.4742268041237"
526,554,524,504,459,184,222,179,lean left,"241.06185567010309,146.98969072164948,83.28865979381443,73.63917525773196,74.22680412371135,134.82474226804123,195.09278350515464,185.4742268041237"
523,555,523,504,459,185,221,180,lean left,"241.06185567010309,146.98969072164948,83.28865979381443,73.63917525773196,74.22680412371135,134.82474226804123,195.09278350515464,185.4742268041237"
525,555,525,504,459,185,222,180,lean left,"241.06185567010309,146.98969072164948,83.28865979381443,73.63917525773196,74.22680412371135,134.82474226804123,195.09278350515464,185.4742268041237"
525,554,525,504,459,185,222,180,lean left,"241.06185567010309,146.98969072164948,83.28865979381443,73.63917525773196,74.22680412371135,134.82474226804123,195.09278350515464,185.4742268041237"
524,554,524,505,459,185,222,179,lean left,"241.06185567010309,146.98969072164948,83.28865979381443,73.63917525773196,74.22680412371135,134.82474226804123,195.09278350515464,185.4742268041237"
524,554,525,504,459,185,221,179,lean left,"241.06185567010309,146.98969072164948,83.28865979381443,73.63917525773196,74.22680412371135,134.82474226804123,195.09278350515464,185.4742268041237"
523,554,524,504,459,185,222,180,lean left,"241.06185567010309,146.98969072164948,83.28865979381443,73.63917525773196,74.22680412371135,134.82474226804123,195.09278350515464,185.4742268041237"
523,554,524,504,460,185,222,179,lean left,"241.06185567010309,146.98969072164948,83.28865979381443,73.63917525773196,74.22680412371135,134.82474226804123,195.09278350515464,185.4742268041237"
524,554,524,505,460,185,222,180,lean left,"241.06185567010309,146.98969072164948,83.28865979381443,73.63917525773196,74.22680412371135,134.82474226804123,195.09278350515464,185.4742268041237"
524,554,524,505,460,185,222,180,lean left,"241.06185567010309,146.98969072164948,83.28865979381443,73.63917525773196,74.22680412371135,134.82474226804123,195.09278350515464,185.4742268041237"
524,555,524,505,460,185,222,180,lean left,"241.06185567010309,146.98969072164948,83.28865979381443,73.63917525773196,74.22680412371135,134.82474226804123,195.09278350515464,185.4742268041237"
524,555,525,505,459,184,222,179,lean left,"241.06185567010309,146.98969072164948,83.28865979381443,73.63917525773196,74.22680412371135,134.82474226804123,195.09278350515464,185.4742268041237"
524,555,524,505,460,184,222,179,lean left,"241.06185567010309,146.98969072164948,83.28865979381443,73.63917525773196,74.22680412371135,134.82474226804123,195.09278350515464,185.4742268041237"
524,555,524,504,460,184,222,179,lean left,"241.06185567010309,146.98969072164948,83.28865979381443,73.63917525773196,74.22680412371135,134.82474226804123,195.09278350515464,185.4742268041237"
524,555,525,504,460,184,222,179,lean left,"241.06185567010309,146.98969072164948,83.28865979381443,73.63917525773196,74.22680412371135,134.82474226804123,195.09278350515464,185.4742268041237"
524,556,525,506,461,185,223,180,lean left,"241.06185567010309,146.98969072164948,83.28865979381443,73.63917525773196,74.22680412371135,134.82474226804123,195.09278350515464,185.4742268041237"
524,555,525,505,459,185,222,180,lean left,"241.06185567010309,146.98969072164948,83.28865979381443,73.63917525773196,74.22680412371135,134.82474226804123,195.09278350515464,185.4742268041237"
524,555,525,505,460,185,222,180,lean left,"241.06185567010309,146.98969072164948,83.28865979381443,73.63917525773196,74.22680412371135,134.82474226804123,195.09278350515464,185.4742268041237"
523,554,524,505,459,185,222,179,lean left,"241.06185567010309,146.98969072164948,83.28865979381443,73.63917525773196,74.22680412371135,134.82474226804123,195.09278350515464,185.4742268041237"
523,554,524,504,459,185,222,180,lean left,"241.06185567010309,146.98969072164948,83.28865979381443,73.63917525773196,74.22680412371135,134.82474226804123,195.09278350515464,185.4742268041237"
523,554,524,505,459,184,222,180,lean left,"241.06185567010309,146.98969072164948,83.28865979381443,73.63917525773196,74.22680412371135,134.82474226804123,195.09278350515464,185.4742268041237"
523,555,523,505,459,185,222,180,lean left,"241.06185567010309,146.98969072164948,83.28865979381443,73.63917525773196,74.22680412371135,134.82474226804123,195.09278350515464,185.4742268041237"
523,554,523,505,459,184,222,180,lean left,"241.06185567010309,146.98969072164948,83.28865979381443,73.63917525773196,74.22680412371135,134.82474226804123,195.09278350515464,185.4742268041237"
523,556,524,505,460,185,223,180,lean left,"241.06185567010309,146.98969072164948,83.28865979381443,73.63917525773196,74.22680412371135,134.82474226804123,195.09278350515464,185.4742268041237"
523,555,525,506,460,184,222,180,lean left,"241.06185567010309,146.98969072164948,83.28865979381443,73.63917525773196,74.22680412371135,134.82474226804123,195.09278350515464,185.4742268041237"
524,555,524,506,460,184,222,180,lean left,"241.06185567010309,146.98969072164948,83.28865979381443,73.63917525773196,74.22680412371135,134.82474226804123,195.09278350515464,185.4742268041237"
523,555,523,505,459,184,221,180,lean left,"241.06185567010309,146.98969072164948,83.28865979381443,73.63917525773196,74.22680412371135,134.82474226804123,195.09278350515464,185.4742268041237"
523,555,523,505,458,184,221,180,lean left,"241.06185567010309,146.98969072164948,83.28865979381443,73.63917525773196,74.22680412371135,134.82474226804123,195.09278350515464,185.4742268041237"
523,556,524,506,459,185,222,181,lean left,"241.06185567010309,146.98969072164948,83.28865979381443,73.63917525773196,74.22680412371135,134.82474226804123,195.09278350515464,185.4742268041237"
522,555,523,505,459,185,222,180,lean left,"241.06185567010309,146.98969072164948,83.28865979381443,73.63917525773196,74.22680412371135,134.82474226804123,195.09278350515464,185.4742268041237"
523,555,523,505,459,184,222,180,lean left,"241.06185567010309,146.98969072164948,83.28865979381443,73.63917525773196,74.22680412371135,134.82474226804123,195.09278350515464,185.4742268041237"
524,556,524,506,459,185,223,179,lean left,"241.06185567010309,146.98969072164948,83.28865979381443,73.63917525773196,74.22680412371135,134.82474226804123,195.09278350515464,185.4742268041237"
523,556,523,506,459,185,223,179,lean left,"241.06185567010309,146.98969072164948,83.28865979381443,73.63917525773196,74.22680412371135,134.82474226804123,195.09278350515464,185.4742268041237"
523,556,522,505,458,184,222,179,lean left,"241.06185567010309,146.98969072164948,83.28865979381443,73.63917525773196,74.22680412371135,134.82474226804123,195.09278350515464,185.4742268041237"
522,555,522,505,458,185,223,179,lean left,"241.06185567010309,146.98969072164948,83.28865979381443,73.63917525773196,74.22680412371135,134.82474226804123,195.09278350515464,185.4742268041237"
525,555,522,505,459,184,222,178,lean left,"241.06185567010309,146.98969072164948,83.28865979381443,73.63917525773196,74.22680412371135,134.82474226804123,195.09278350515464,185.4742268041237"
524,555,522,505,459,185,222,178,lean left,"241.06185567010309,146.98969072164948,83.28865979381443,73.63917525773196,74.22680412371135,134.82474226804123,195.09278350515464,185.4742268041237"
522,555,521,504,459,186,222,178,lean left,"241.06185567010309,146.98969072164948,83.28865979381443,73.63917525773196,74.22680412371135,134.82474226804123,195.09278350515464,185.4742268041237"
522,555,521,505,459,186,222,178,lean left,"241.06185567010309,146.98969072164948,83.28865979381443,73.63917525773196,74.22680412371135,134.82474226804123,195.09278350515464,185.4742268041237"
523,556,522,505,460,186,222,178,lean left,"241.06185567010309,146.98969072164948,83.28865979381443,73.63917525773196,74.22680412371135,134.82474226804123,195.09278350515464,185.4742268041237"
521,555,522,505,459,185,221,179,lean left,"241.06185567010309,146.98969072164948,83.28865979381443,73.63917525773196,74.22680412371135,134.82474226804123,195.09278350515464,185.4742268041237"
522,555,522,504,460,185,222,179,lean left,"241.06185567010309,146.98969072164948,83.28865979381443,73.63917525773196,74.22680412371135,134.82474226804123,195.09278350515464,185.4742268041237"
521,555,522,504,459,185,222,179,lean left,"241.06185567010309,146.98969072164948,83.28865979381443,73.63917525773196,74.22680412371135,134.82474226804123,195.09278350515464,185.4742268041237"
522,556,522,505,458,185,221,179,lean left,"241.06185567010309,146.98969072164948,83.28865979381443,73.63917525773196,74.22680412371135,134.82474226804123,195.09278350515464,185.4742268041237"
521,556,522,505,458,186,221,179,lean left,"241.06185567010309,146.98969072164948,83.28865979381443,73.63917525773196,74.22680412371135,134.82474226804123,195.09278350515464,185.4742268041237"
523,555,522,505,458,186,222,179,lean left,"241.06185567010309,146.98969072164948,83.28865979381443,73.63917525773196,74.22680412371135,134.82474226804123,195.09278350515464,185.4742268041237"
522,556,522,505,458,185,221,179,lean left,"241.06185567010309,146.98969072164948,83.28865979381443,73.63917525773196,74.22680412371135,134.82474226804123,195.09278350515464,185.4742268041237"
521,555,522,505,458,185,221,179,lean left,"241.06185567010309,146.98969072164948,83.28865979381443,73.63917525773196,74.22680412371135,134.82474226804123,195.09278350515464,185.4742268041237"
